day_order,day,tray_no,tray,capture_id,band,path,width,height,shape,dtype,coverage_percent,readable,error
1,Day 1,1,Tray 1,DJI_20260618123542_0001,D,C:\Users\rahma\Downloads\RINA_Internship_Analysis\outputs\Second Trial\01_Crop_Dual_Reference\Day 1\Tray 1\DJI_20260618123542_0001_D.JPG,1200,840,"(840, 1200, 3)",uint8,99.99801587301587,True,
1,Day 1,1,Tray 1,DJI_20260618123542_0001,MS_G,C:\Users\rahma\Downloads\RINA_Internship_Analysis\outputs\Second Trial\01_Crop_Dual_Reference\Day 1\Tray 1\DJI_20260618123542_0001_MS_G.TIF,1200,840,"(840, 1200)",uint16,100.0,True,
1,Day 1,1,Tray 1,DJI_20260618123542_0001,MS_NIR,C:\Users\rahma\Downloads\RINA_Internship_Analysis\outputs\Second Trial\01_Crop_Dual_Reference\Day 1\Tray 1\DJI_20260618123542_0001_MS_NIR.TIF,1200,840,"(840, 1200)",uint16,100.0,True,
1,Day 1,1,Tray 1,DJI_20260618123542_0001,MS_R,C:\Users\rahma\Downloads\RINA_Internship_Analysis\outputs\Second Trial\01_Crop_Dual_Reference\Day 1\Tray 1\DJI_20260618123542_0001_MS_R.TIF,1200,840,"(840, 1200)",uint16,100.0,True,
1,Day 1,1,Tray 1,DJI_20260618123542_0001,MS_RE,C:\Users\rahma\Downloads\RINA_Internship_Analysis\outputs\Second Trial\01_Crop_Dual_Reference\Day 1\Tray 1\DJI_20260618123542_0001_MS_RE.TIF,1200,840,"(840, 1200)",uint16,100.0,True,
1,Day 1,2,Tray 2,DJI_20260618123812_0002,D,C:\Users\rahma\Downloads\RINA_Internship_Analysis\outputs\Second Trial\01_Crop_Dual_Reference\Day 1\Tray 2\DJI_20260618123812_0002_D.JPG,1200,840,"(840, 1200, 3)",uint8,99.99791666666667,True,
1,Day 1,2,Tray 2,DJI_20260618123812_0002,MS_G,C:\Users\rahma\Downloads\RINA_Internship_Analysis\outputs\Second Trial\01_Crop_Dual_Reference\Day 1\Tray 2\DJI_20260618123812_0002_MS_G.TIF,1200,840,"(840, 1200)",uint16,100.0,True,
1,Day 1,2,Tray 2,DJI_20260618123812_0002,MS_NIR,C:\Users\rahma\Downloads\RINA_Internship_Analysis\outputs\Second Trial\01_Crop_Dual_Reference\Day 1\Tray 2\DJI_20260618123812_0002_MS_NIR.TIF,1200,840,"(840, 1200)",uint16,100.0,True,
1,Day 1,2,Tray 2,DJI_20260618123812_0002,MS_R,C:\Users\rahma\Downloads\RINA_Internship_Analysis\outputs\Second Trial\01_Crop_Dual_Reference\Day 1\Tray 2\DJI_20260618123812_0002_MS_R.TIF,1200,840,"(840, 1200)",uint16,100.0,True,
1,Day 1,2,Tray 2,DJI_20260618123812_0002,MS_RE,C:\Users\rahma\Downloads\RINA_Internship_Analysis\outputs\Second Trial\01_Crop_Dual_Reference\Day 1\Tray 2\DJI_20260618123812_0002_MS_RE.TIF,1200,840,"(840, 1200)",uint16,100.0,True,
1,Day 1,3,Tray 3,DJI_20260618124121_0003,D,C:\Users\rahma\Downloads\RINA_Internship_Analysis\outputs\Second Trial\01_Crop_Dual_Reference\Day 1\Tray 3\DJI_20260618124121_0003_D.JPG,1200,840,"(840, 1200, 3)",uint8,99.98928571428571,True,
1,Day 1,3,Tray 3,DJI_20260618124121_0003,MS_G,C:\Users\rahma\Downloads\RINA_Internship_Analysis\outputs\Second Trial\01_Crop_Dual_Reference\Day 1\Tray 3\DJI_20260618124121_0003_MS_G.TIF,1200,840,"(840, 1200)",uint16,100.0,True,
1,Day 1,3,Tray 3,DJI_20260618124121_0003,MS_NIR,C:\Users\rahma\Downloads\RINA_Internship_Analysis\outputs\Second Trial\01_Crop_Dual_Reference\Day 1\Tray 3\DJI_20260618124121_0003_MS_NIR.TIF,1200,840,"(840, 1200)",uint16,100.0,True,
1,Day 1,3,Tray 3,DJI_20260618124121_0003,MS_R,C:\Users\rahma\Downloads\RINA_Internship_Analysis\outputs\Second Trial\01_Crop_Dual_Reference\Day 1\Tray 3\DJI_20260618124121_0003_MS_R.TIF,1200,840,"(840, 1200)",uint16,100.0,True,
1,Day 1,3,Tray 3,DJI_20260618124121_0003,MS_RE,C:\Users\rahma\Downloads\RINA_Internship_Analysis\outputs\Second Trial\01_Crop_Dual_Reference\Day 1\Tray 3\DJI_20260618124121_0003_MS_RE.TIF,1200,840,"(840, 1200)",uint16,100.0,True,
1,Day 1,4,Tray 4,DJI_20260618124235_0004,D,C:\Users\rahma\Downloads\RINA_Internship_Analysis\outputs\Second Trial\01_Crop_Dual_Reference\Day 1\Tray 4\DJI_20260618124235_0004_D.JPG,1200,840,"(840, 1200, 3)",uint8,99.9999007936508,True,
1,Day 1,4,Tray 4,DJI_20260618124235_0004,MS_G,C:\Users\rahma\Downloads\RINA_Internship_Analysis\outputs\Second Trial\01_Crop_Dual_Reference\Day 1\Tray 4\DJI_20260618124235_0004_MS_G.TIF,1200,840,"(840, 1200)",uint16,100.0,True,
1,Day 1,4,Tray 4,DJI_20260618124235_0004,MS_NIR,C:\Users\rahma\Downloads\RINA_Internship_Analysis\outputs\Second Trial\01_Crop_Dual_Reference\Day 1\Tray 4\DJI_20260618124235_0004_MS_NIR.TIF,1200,840,"(840, 1200)",uint16,100.0,True,
1,Day 1,4,Tray 4,DJI_20260618124235_0004,MS_R,C:\Users\rahma\Downloads\RINA_Internship_Analysis\outputs\Second Trial\01_Crop_Dual_Reference\Day 1\Tray 4\DJI_20260618124235_0004_MS_R.TIF,1200,840,"(840, 1200)",uint16,100.0,True,
1,Day 1,4,Tray 4,DJI_20260618124235_0004,MS_RE,C:\Users\rahma\Downloads\RINA_Internship_Analysis\outputs\Second Trial\01_Crop_Dual_Reference\Day 1\Tray 4\DJI_20260618124235_0004_MS_RE.TIF,1200,840,"(840, 1200)",uint16,100.0,True,
1,Day 1,6,Tray 6,DJI_20260618124449_0006,D,C:\Users\rahma\Downloads\RINA_Internship_Analysis\outputs\Second Trial\01_Crop_Dual_Reference\Day 1\Tray 6\DJI_20260618124449_0006_D.JPG,1200,840,"(840, 1200, 3)",uint8,99.98561507936508,True,
1,Day 1,6,Tray 6,DJI_20260618124449_0006,MS_G,C:\Users\rahma\Downloads\RINA_Internship_Analysis\outputs\Second Trial\01_Crop_Dual_Reference\Day 1\Tray 6\DJI_20260618124449_0006_MS_G.TIF,1200,840,"(840, 1200)",uint16,100.0,True,
1,Day 1,6,Tray 6,DJI_20260618124449_0006,MS_NIR,C:\Users\rahma\Downloads\RINA_Internship_Analysis\outputs\Second Trial\01_Crop_Dual_Reference\Day 1\Tray 6\DJI_20260618124449_0006_MS_NIR.TIF,1200,840,"(840, 1200)",uint16,100.0,True,
1,Day 1,6,Tray 6,DJI_20260618124449_0006,MS_R,C:\Users\rahma\Downloads\RINA_Internship_Analysis\outputs\Second Trial\01_Crop_Dual_Reference\Day 1\Tray 6\DJI_20260618124449_0006_MS_R.TIF,1200,840,"(840, 1200)",uint16,100.0,True,
1,Day 1,6,Tray 6,DJI_20260618124449_0006,MS_RE,C:\Users\rahma\Downloads\RINA_Internship_Analysis\outputs\Second Trial\01_Crop_Dual_Reference\Day 1\Tray 6\DJI_20260618124449_0006_MS_RE.TIF,1200,840,"(840, 1200)",uint16,100.0,True,
1,Day 1,7,Tray 7,DJI_20260618124541_0007,D,C:\Users\rahma\Downloads\RINA_Internship_Analysis\outputs\Second Trial\01_Crop_Dual_Reference\Day 1\Tray 7\DJI_20260618124541_0007_D.JPG,1200,840,"(840, 1200, 3)",uint8,99.9890873015873,True,
1,Day 1,7,Tray 7,DJI_20260618124541_0007,MS_G,C:\Users\rahma\Downloads\RINA_Internship_Analysis\outputs\Second Trial\01_Crop_Dual_Reference\Day 1\Tray 7\DJI_20260618124541_0007_MS_G.TIF,1200,840,"(840, 1200)",uint16,100.0,True,
1,Day 1,7,Tray 7,DJI_20260618124541_0007,MS_NIR,C:\Users\rahma\Downloads\RINA_Internship_Analysis\outputs\Second Trial\01_Crop_Dual_Reference\Day 1\Tray 7\DJI_20260618124541_0007_MS_NIR.TIF,1200,840,"(840, 1200)",uint16,100.0,True,
1,Day 1,7,Tray 7,DJI_20260618124541_0007,MS_R,C:\Users\rahma\Downloads\RINA_Internship_Analysis\outputs\Second Trial\01_Crop_Dual_Reference\Day 1\Tray 7\DJI_20260618124541_0007_MS_R.TIF,1200,840,"(840, 1200)",uint16,100.0,True,
1,Day 1,7,Tray 7,DJI_20260618124541_0007,MS_RE,C:\Users\rahma\Downloads\RINA_Internship_Analysis\outputs\Second Trial\01_Crop_Dual_Reference\Day 1\Tray 7\DJI_20260618124541_0007_MS_RE.TIF,1200,840,"(840, 1200)",uint16,100.0,True,
1,Day 1,8,Tray 8,DJI_20260618124632_0008,D,C:\Users\rahma\Downloads\RINA_Internship_Analysis\outputs\Second Trial\01_Crop_Dual_Reference\Day 1\Tray 8\DJI_20260618124632_0008_D.JPG,1200,840,"(840, 1200, 3)",uint8,99.99384920634921,True,
1,Day 1,8,Tray 8,DJI_20260618124632_0008,MS_G,C:\Users\rahma\Downloads\RINA_Internship_Analysis\outputs\Second Trial\01_Crop_Dual_Reference\Day 1\Tray 8\DJI_20260618124632_0008_MS_G.TIF,1200,840,"(840, 1200)",uint16,100.0,True,
1,Day 1,8,Tray 8,DJI_20260618124632_0008,MS_NIR,C:\Users\rahma\Downloads\RINA_Internship_Analysis\outputs\Second Trial\01_Crop_Dual_Reference\Day 1\Tray 8\DJI_20260618124632_0008_MS_NIR.TIF,1200,840,"(840, 1200)",uint16,100.0,True,
1,Day 1,8,Tray 8,DJI_20260618124632_0008,MS_R,C:\Users\rahma\Downloads\RINA_Internship_Analysis\outputs\Second Trial\01_Crop_Dual_Reference\Day 1\Tray 8\DJI_20260618124632_0008_MS_R.TIF,1200,840,"(840, 1200)",uint16,100.0,True,
1,Day 1,8,Tray 8,DJI_20260618124632_0008,MS_RE,C:\Users\rahma\Downloads\RINA_Internship_Analysis\outputs\Second Trial\01_Crop_Dual_Reference\Day 1\Tray 8\DJI_20260618124632_0008_MS_RE.TIF,1200,840,"(840, 1200)",uint16,100.0,True,
2,Day 2,1,Tray 1,DJI_20260620131000_0001,D,C:\Users\rahma\Downloads\RINA_Internship_Analysis\outputs\Second Trial\01_Crop_Dual_Reference\Day 2\Tray 1\DJI_20260620131000_0001_D.JPG,1200,840,"(840, 1200, 3)",uint8,99.98988095238094,True,
2,Day 2,1,Tray 1,DJI_20260620131000_0001,MS_G,C:\Users\rahma\Downloads\RINA_Internship_Analysis\outputs\Second Trial\01_Crop_Dual_Reference\Day 2\Tray 1\DJI_20260620131000_0001_MS_G.TIF,1200,840,"(840, 1200)",uint16,100.0,True,
2,Day 2,1,Tray 1,DJI_20260620131000_0001,MS_NIR,C:\Users\rahma\Downloads\RINA_Internship_Analysis\outputs\Second Trial\01_Crop_Dual_Reference\Day 2\Tray 1\DJI_20260620131000_0001_MS_NIR.TIF,1200,840,"(840, 1200)",uint16,100.0,True,
2,Day 2,1,Tray 1,DJI_20260620131000_0001,MS_R,C:\Users\rahma\Downloads\RINA_Internship_Analysis\outputs\Second Trial\01_Crop_Dual_Reference\Day 2\Tray 1\DJI_20260620131000_0001_MS_R.TIF,1200,840,"(840, 1200)",uint16,100.0,True,
2,Day 2,1,Tray 1,DJI_20260620131000_0001,MS_RE,C:\Users\rahma\Downloads\RINA_Internship_Analysis\outputs\Second Trial\01_Crop_Dual_Reference\Day 2\Tray 1\DJI_20260620131000_0001_MS_RE.TIF,1200,840,"(840, 1200)",uint16,100.0,True,
2,Day 2,2,Tray 2,DJI_20260620131052_0002,D,C:\Users\rahma\Downloads\RINA_Internship_Analysis\outputs\Second Trial\01_Crop_Dual_Reference\Day 2\Tray 2\DJI_20260620131052_0002_D.JPG,1200,840,"(840, 1200, 3)",uint8,99.98690476190475,True,
2,Day 2,2,Tray 2,DJI_20260620131052_0002,MS_G,C:\Users\rahma\Downloads\RINA_Internship_Analysis\outputs\Second Trial\01_Crop_Dual_Reference\Day 2\Tray 2\DJI_20260620131052_0002_MS_G.TIF,1200,840,"(840, 1200)",uint16,100.0,True,
2,Day 2,2,Tray 2,DJI_20260620131052_0002,MS_NIR,C:\Users\rahma\Downloads\RINA_Internship_Analysis\outputs\Second Trial\01_Crop_Dual_Reference\Day 2\Tray 2\DJI_20260620131052_0002_MS_NIR.TIF,1200,840,"(840, 1200)",uint16,100.0,True,
2,Day 2,2,Tray 2,DJI_20260620131052_0002,MS_R,C:\Users\rahma\Downloads\RINA_Internship_Analysis\outputs\Second Trial\01_Crop_Dual_Reference\Day 2\Tray 2\DJI_20260620131052_0002_MS_R.TIF,1200,840,"(840, 1200)",uint16,100.0,True,
2,Day 2,2,Tray 2,DJI_20260620131052_0002,MS_RE,C:\Users\rahma\Downloads\RINA_Internship_Analysis\outputs\Second Trial\01_Crop_Dual_Reference\Day 2\Tray 2\DJI_20260620131052_0002_MS_RE.TIF,1200,840,"(840, 1200)",uint16,100.0,True,
2,Day 2,3,Tray 3,DJI_20260620131152_0003,D,C:\Users\rahma\Downloads\RINA_Internship_Analysis\outputs\Second Trial\01_Crop_Dual_Reference\Day 2\Tray 3\DJI_20260620131152_0003_D.JPG,1200,840,"(840, 1200, 3)",uint8,99.99781746031746,True,
2,Day 2,3,Tray 3,DJI_20260620131152_0003,MS_G,C:\Users\rahma\Downloads\RINA_Internship_Analysis\outputs\Second Trial\01_Crop_Dual_Reference\Day 2\Tray 3\DJI_20260620131152_0003_MS_G.TIF,1200,840,"(840, 1200)",uint16,100.0,True,
2,Day 2,3,Tray 3,DJI_20260620131152_0003,MS_NIR,C:\Users\rahma\Downloads\RINA_Internship_Analysis\outputs\Second Trial\01_Crop_Dual_Reference\Day 2\Tray 3\DJI_20260620131152_0003_MS_NIR.TIF,1200,840,"(840, 1200)",uint16,100.0,True,
2,Day 2,3,Tray 3,DJI_20260620131152_0003,MS_R,C:\Users\rahma\Downloads\RINA_Internship_Analysis\outputs\Second Trial\01_Crop_Dual_Reference\Day 2\Tray 3\DJI_20260620131152_0003_MS_R.TIF,1200,840,"(840, 1200)",uint16,100.0,True,
2,Day 2,3,Tray 3,DJI_20260620131152_0003,MS_RE,C:\Users\rahma\Downloads\RINA_Internship_Analysis\outputs\Second Trial\01_Crop_Dual_Reference\Day 2\Tray 3\DJI_20260620131152_0003_MS_RE.TIF,1200,840,"(840, 1200)",uint16,100.0,True,
2,Day 2,4,Tray 4,DJI_20260620131233_0004,D,C:\Users\rahma\Downloads\RINA_Internship_Analysis\outputs\Second Trial\01_Crop_Dual_Reference\Day 2\Tray 4\DJI_20260620131233_0004_D.JPG,1200,840,"(840, 1200, 3)",uint8,99.9999007936508,True,
2,Day 2,4,Tray 4,DJI_20260620131233_0004,MS_G,C:\Users\rahma\Downloads\RINA_Internship_Analysis\outputs\Second Trial\01_Crop_Dual_Reference\Day 2\Tray 4\DJI_20260620131233_0004_MS_G.TIF,1200,840,"(840, 1200)",uint16,100.0,True,
2,Day 2,4,Tray 4,DJI_20260620131233_0004,MS_NIR,C:\Users\rahma\Downloads\RINA_Internship_Analysis\outputs\Second Trial\01_Crop_Dual_Reference\Day 2\Tray 4\DJI_20260620131233_0004_MS_NIR.TIF,1200,840,"(840, 1200)",uint16,100.0,True,
2,Day 2,4,Tray 4,DJI_20260620131233_0004,MS_R,C:\Users\rahma\Downloads\RINA_Internship_Analysis\outputs\Second Trial\01_Crop_Dual_Reference\Day 2\Tray 4\DJI_20260620131233_0004_MS_R.TIF,1200,840,"(840, 1200)",uint16,100.0,True,
2,Day 2,4,Tray 4,DJI_20260620131233_0004,MS_RE,C:\Users\rahma\Downloads\RINA_Internship_Analysis\outputs\Second Trial\01_Crop_Dual_Reference\Day 2\Tray 4\DJI_20260620131233_0004_MS_RE.TIF,1200,840,"(840, 1200)",uint16,100.0,True,
2,Day 2,5,Tray 5,DJI_20260620131340_0005,D,C:\Users\rahma\Downloads\RINA_Internship_Analysis\outputs\Second Trial\01_Crop_Dual_Reference\Day 2\Tray 5\DJI_20260620131340_0005_D.JPG,1200,840,"(840, 1200, 3)",uint8,99.96815476190476,True,
2,Day 2,5,Tray 5,DJI_20260620131340_0005,MS_G,C:\Users\rahma\Downloads\RINA_Internship_Analysis\outputs\Second Trial\01_Crop_Dual_Reference\Day 2\Tray 5\DJI_20260620131340_0005_MS_G.TIF,1200,840,"(840, 1200)",uint16,100.0,True,
2,Day 2,5,Tray 5,DJI_20260620131340_0005,MS_NIR,C:\Users\rahma\Downloads\RINA_Internship_Analysis\outputs\Second Trial\01_Crop_Dual_Reference\Day 2\Tray 5\DJI_20260620131340_0005_MS_NIR.TIF,1200,840,"(840, 1200)",uint16,100.0,True,
2,Day 2,5,Tray 5,DJI_20260620131340_0005,MS_R,C:\Users\rahma\Downloads\RINA_Internship_Analysis\outputs\Second Trial\01_Crop_Dual_Reference\Day 2\Tray 5\DJI_20260620131340_0005_MS_R.TIF,1200,840,"(840, 1200)",uint16,100.0,True,
2,Day 2,5,Tray 5,DJI_20260620131340_0005,MS_RE,C:\Users\rahma\Downloads\RINA_Internship_Analysis\outputs\Second Trial\01_Crop_Dual_Reference\Day 2\Tray 5\DJI_20260620131340_0005_MS_RE.TIF,1200,840,"(840, 1200)",uint16,100.0,True,
2,Day 2,6,Tray 6,DJI_20260620131437_0006,D,C:\Users\rahma\Downloads\RINA_Internship_Analysis\outputs\Second Trial\01_Crop_Dual_Reference\Day 2\Tray 6\DJI_20260620131437_0006_D.JPG,1200,840,"(840, 1200, 3)",uint8,99.9999007936508,True,
2,Day 2,6,Tray 6,DJI_20260620131437_0006,MS_G,C:\Users\rahma\Downloads\RINA_Internship_Analysis\outputs\Second Trial\01_Crop_Dual_Reference\Day 2\Tray 6\DJI_20260620131437_0006_MS_G.TIF,1200,840,"(840, 1200)",uint16,100.0,True,
2,Day 2,6,Tray 6,DJI_20260620131437_0006,MS_NIR,C:\Users\rahma\Downloads\RINA_Internship_Analysis\outputs\Second Trial\01_Crop_Dual_Reference\Day 2\Tray 6\DJI_20260620131437_0006_MS_NIR.TIF,1200,840,"(840, 1200)",uint16,100.0,True,
2,Day 2,6,Tray 6,DJI_20260620131437_0006,MS_R,C:\Users\rahma\Downloads\RINA_Internship_Analysis\outputs\Second Trial\01_Crop_Dual_Reference\Day 2\Tray 6\DJI_20260620131437_0006_MS_R.TIF,1200,840,"(840, 1200)",uint16,100.0,True,
2,Day 2,6,Tray 6,DJI_20260620131437_0006,MS_RE,C:\Users\rahma\Downloads\RINA_Internship_Analysis\outputs\Second Trial\01_Crop_Dual_Reference\Day 2\Tray 6\DJI_20260620131437_0006_MS_RE.TIF,1200,840,"(840, 1200)",uint16,100.0,True,
2,Day 2,7,Tray 7,DJI_20260620131539_0007,D,C:\Users\rahma\Downloads\RINA_Internship_Analysis\outputs\Second Trial\01_Crop_Dual_Reference\Day 2\Tray 7\DJI_20260620131539_0007_D.JPG,1200,840,"(840, 1200, 3)",uint8,99.99920634920635,True,
2,Day 2,7,Tray 7,DJI_20260620131539_0007,MS_G,C:\Users\rahma\Downloads\RINA_Internship_Analysis\outputs\Second Trial\01_Crop_Dual_Reference\Day 2\Tray 7\DJI_20260620131539_0007_MS_G.TIF,1200,840,"(840, 1200)",uint16,100.0,True,
2,Day 2,7,Tray 7,DJI_20260620131539_0007,MS_NIR,C:\Users\rahma\Downloads\RINA_Internship_Analysis\outputs\Second Trial\01_Crop_Dual_Reference\Day 2\Tray 7\DJI_20260620131539_0007_MS_NIR.TIF,1200,840,"(840, 1200)",uint16,100.0,True,
2,Day 2,7,Tray 7,DJI_20260620131539_0007,MS_R,C:\Users\rahma\Downloads\RINA_Internship_Analysis\outputs\Second Trial\01_Crop_Dual_Reference\Day 2\Tray 7\DJI_20260620131539_0007_MS_R.TIF,1200,840,"(840, 1200)",uint16,100.0,True,
2,Day 2,7,Tray 7,DJI_20260620131539_0007,MS_RE,C:\Users\rahma\Downloads\RINA_Internship_Analysis\outputs\Second Trial\01_Crop_Dual_Reference\Day 2\Tray 7\DJI_20260620131539_0007_MS_RE.TIF,1200,840,"(840, 1200)",uint16,100.0,True,
2,Day 2,8,Tray 8,DJI_20260620131623_0008,D,C:\Users\rahma\Downloads\RINA_Internship_Analysis\outputs\Second Trial\01_Crop_Dual_Reference\Day 2\Tray 8\DJI_20260620131623_0008_D.JPG,1200,840,"(840, 1200, 3)",uint8,99.93700396825396,True,
2,Day 2,8,Tray 8,DJI_20260620131623_0008,MS_G,C:\Users\rahma\Downloads\RINA_Internship_Analysis\outputs\Second Trial\01_Crop_Dual_Reference\Day 2\Tray 8\DJI_20260620131623_0008_MS_G.TIF,1200,840,"(840, 1200)",uint16,100.0,True,
2,Day 2,8,Tray 8,DJI_20260620131623_0008,MS_NIR,C:\Users\rahma\Downloads\RINA_Internship_Analysis\outputs\Second Trial\01_Crop_Dual_Reference\Day 2\Tray 8\DJI_20260620131623_0008_MS_NIR.TIF,1200,840,"(840, 1200)",uint16,100.0,True,
2,Day 2,8,Tray 8,DJI_20260620131623_0008,MS_R,C:\Users\rahma\Downloads\RINA_Internship_Analysis\outputs\Second Trial\01_Crop_Dual_Reference\Day 2\Tray 8\DJI_20260620131623_0008_MS_R.TIF,1200,840,"(840, 1200)",uint16,100.0,True,
2,Day 2,8,Tray 8,DJI_20260620131623_0008,MS_RE,C:\Users\rahma\Downloads\RINA_Internship_Analysis\outputs\Second Trial\01_Crop_Dual_Reference\Day 2\Tray 8\DJI_20260620131623_0008_MS_RE.TIF,1200,840,"(840, 1200)",uint16,100.0,True,
3,Day 3,5,Tray 5,DJI_20260621125931_0005,D,C:\Users\rahma\Downloads\RINA_Internship_Analysis\outputs\Second Trial\01_Crop_Dual_Reference\Day 3\Tray 5\DJI_20260621125931_0005_D.JPG,1200,840,"(840, 1200, 3)",uint8,99.99801587301587,True,
3,Day 3,5,Tray 5,DJI_20260621125931_0005,MS_G,C:\Users\rahma\Downloads\RINA_Internship_Analysis\outputs\Second Trial\01_Crop_Dual_Reference\Day 3\Tray 5\DJI_20260621125931_0005_MS_G.TIF,1200,840,"(840, 1200)",uint16,100.0,True,
3,Day 3,5,Tray 5,DJI_20260621125931_0005,MS_NIR,C:\Users\rahma\Downloads\RINA_Internship_Analysis\outputs\Second Trial\01_Crop_Dual_Reference\Day 3\Tray 5\DJI_20260621125931_0005_MS_NIR.TIF,1200,840,"(840, 1200)",uint16,100.0,True,
3,Day 3,5,Tray 5,DJI_20260621125931_0005,MS_R,C:\Users\rahma\Downloads\RINA_Internship_Analysis\outputs\Second Trial\01_Crop_Dual_Reference\Day 3\Tray 5\DJI_20260621125931_0005_MS_R.TIF,1200,840,"(840, 1200)",uint16,100.0,True,
3,Day 3,5,Tray 5,DJI_20260621125931_0005,MS_RE,C:\Users\rahma\Downloads\RINA_Internship_Analysis\outputs\Second Trial\01_Crop_Dual_Reference\Day 3\Tray 5\DJI_20260621125931_0005_MS_RE.TIF,1200,840,"(840, 1200)",uint16,100.0,True,
3,Day 3,7,Tray 7,DJI_20260621130015_0007,D,C:\Users\rahma\Downloads\RINA_Internship_Analysis\outputs\Second Trial\01_Crop_Dual_Reference\Day 3\Tray 7\DJI_20260621130015_0007_D.JPG,1200,840,"(840, 1200, 3)",uint8,99.99950396825396,True,
3,Day 3,7,Tray 7,DJI_20260621130015_0007,MS_G,C:\Users\rahma\Downloads\RINA_Internship_Analysis\outputs\Second Trial\01_Crop_Dual_Reference\Day 3\Tray 7\DJI_20260621130015_0007_MS_G.TIF,1200,840,"(840, 1200)",uint16,100.0,True,
3,Day 3,7,Tray 7,DJI_20260621130015_0007,MS_NIR,C:\Users\rahma\Downloads\RINA_Internship_Analysis\outputs\Second Trial\01_Crop_Dual_Reference\Day 3\Tray 7\DJI_20260621130015_0007_MS_NIR.TIF,1200,840,"(840, 1200)",uint16,100.0,True,
3,Day 3,7,Tray 7,DJI_20260621130015_0007,MS_R,C:\Users\rahma\Downloads\RINA_Internship_Analysis\outputs\Second Trial\01_Crop_Dual_Reference\Day 3\Tray 7\DJI_20260621130015_0007_MS_R.TIF,1200,840,"(840, 1200)",uint16,100.0,True,
3,Day 3,7,Tray 7,DJI_20260621130015_0007,MS_RE,C:\Users\rahma\Downloads\RINA_Internship_Analysis\outputs\Second Trial\01_Crop_Dual_Reference\Day 3\Tray 7\DJI_20260621130015_0007_MS_RE.TIF,1200,840,"(840, 1200)",uint16,100.0,True,
3,Day 3,9,Tray 9,DJI_20260621130058_0009,D,C:\Users\rahma\Downloads\RINA_Internship_Analysis\outputs\Second Trial\01_Crop_Dual_Reference\Day 3\Tray 9\DJI_20260621130058_0009_D.JPG,1200,840,"(840, 1200, 3)",uint8,99.99146825396825,True,
3,Day 3,9,Tray 9,DJI_20260621130058_0009,MS_G,C:\Users\rahma\Downloads\RINA_Internship_Analysis\outputs\Second Trial\01_Crop_Dual_Reference\Day 3\Tray 9\DJI_20260621130058_0009_MS_G.TIF,1200,840,"(840, 1200)",uint16,100.0,True,
3,Day 3,9,Tray 9,DJI_20260621130058_0009,MS_NIR,C:\Users\rahma\Downloads\RINA_Internship_Analysis\outputs\Second Trial\01_Crop_Dual_Reference\Day 3\Tray 9\DJI_20260621130058_0009_MS_NIR.TIF,1200,840,"(840, 1200)",uint16,100.0,True,
3,Day 3,9,Tray 9,DJI_20260621130058_0009,MS_R,C:\Users\rahma\Downloads\RINA_Internship_Analysis\outputs\Second Trial\01_Crop_Dual_Reference\Day 3\Tray 9\DJI_20260621130058_0009_MS_R.TIF,1200,840,"(840, 1200)",uint16,100.0,True,
3,Day 3,9,Tray 9,DJI_20260621130058_0009,MS_RE,C:\Users\rahma\Downloads\RINA_Internship_Analysis\outputs\Second Trial\01_Crop_Dual_Reference\Day 3\Tray 9\DJI_20260621130058_0009_MS_RE.TIF,1200,840,"(840, 1200)",uint16,100.0,True,
4,Day 4,1,Tray 1,DJI_20260622122222_0001,D,C:\Users\rahma\Downloads\RINA_Internship_Analysis\outputs\Second Trial\01_Crop_Dual_Reference\Day 4\Tray 1\DJI_20260622122222_0001_D.JPG,1200,840,"(840, 1200, 3)",uint8,99.96696428571428,True,
4,Day 4,1,Tray 1,DJI_20260622122222_0001,MS_G,C:\Users\rahma\Downloads\RINA_Internship_Analysis\outputs\Second Trial\01_Crop_Dual_Reference\Day 4\Tray 1\DJI_20260622122222_0001_MS_G.TIF,1200,840,"(840, 1200)",uint16,100.0,True,
4,Day 4,1,Tray 1,DJI_20260622122222_0001,MS_NIR,C:\Users\rahma\Downloads\RINA_Internship_Analysis\outputs\Second Trial\01_Crop_Dual_Reference\Day 4\Tray 1\DJI_20260622122222_0001_MS_NIR.TIF,1200,840,"(840, 1200)",uint16,100.0,True,
4,Day 4,1,Tray 1,DJI_20260622122222_0001,MS_R,C:\Users\rahma\Downloads\RINA_Internship_Analysis\outputs\Second Trial\01_Crop_Dual_Reference\Day 4\Tray 1\DJI_20260622122222_0001_MS_R.TIF,1200,840,"(840, 1200)",uint16,100.0,True,
4,Day 4,1,Tray 1,DJI_20260622122222_0001,MS_RE,C:\Users\rahma\Downloads\RINA_Internship_Analysis\outputs\Second Trial\01_Crop_Dual_Reference\Day 4\Tray 1\DJI_20260622122222_0001_MS_RE.TIF,1200,840,"(840, 1200)",uint16,100.0,True,
4,Day 4,2,Tray 2,DJI_20260622122329_0002,D,C:\Users\rahma\Downloads\RINA_Internship_Analysis\outputs\Second Trial\01_Crop_Dual_Reference\Day 4\Tray 2\DJI_20260622122329_0002_D.JPG,1200,840,"(840, 1200, 3)",uint8,99.9843253968254,True,
4,Day 4,2,Tray 2,DJI_20260622122329_0002,MS_G,C:\Users\rahma\Downloads\RINA_Internship_Analysis\outputs\Second Trial\01_Crop_Dual_Reference\Day 4\Tray 2\DJI_20260622122329_0002_MS_G.TIF,1200,840,"(840, 1200)",uint16,100.0,True,
4,Day 4,2,Tray 2,DJI_20260622122329_0002,MS_NIR,C:\Users\rahma\Downloads\RINA_Internship_Analysis\outputs\Second Trial\01_Crop_Dual_Reference\Day 4\Tray 2\DJI_20260622122329_0002_MS_NIR.TIF,1200,840,"(840, 1200)",uint16,100.0,True,
4,Day 4,2,Tray 2,DJI_20260622122329_0002,MS_R,C:\Users\rahma\Downloads\RINA_Internship_Analysis\outputs\Second Trial\01_Crop_Dual_Reference\Day 4\Tray 2\DJI_20260622122329_0002_MS_R.TIF,1200,840,"(840, 1200)",uint16,100.0,True,
4,Day 4,2,Tray 2,DJI_20260622122329_0002,MS_RE,C:\Users\rahma\Downloads\RINA_Internship_Analysis\outputs\Second Trial\01_Crop_Dual_Reference\Day 4\Tray 2\DJI_20260622122329_0002_MS_RE.TIF,1200,840,"(840, 1200)",uint16,100.0,True,
4,Day 4,3,Tray 3,DJI_20260622122437_0003,D,C:\Users\rahma\Downloads\RINA_Internship_Analysis\outputs\Second Trial\01_Crop_Dual_Reference\Day 4\Tray 3\DJI_20260622122437_0003_D.JPG,1200,840,"(840, 1200, 3)",uint8,99.99861111111112,True,
4,Day 4,3,Tray 3,DJI_20260622122437_0003,MS_G,C:\Users\rahma\Downloads\RINA_Internship_Analysis\outputs\Second Trial\01_Crop_Dual_Reference\Day 4\Tray 3\DJI_20260622122437_0003_MS_G.TIF,1200,840,"(840, 1200)",uint16,100.0,True,
4,Day 4,3,Tray 3,DJI_20260622122437_0003,MS_NIR,C:\Users\rahma\Downloads\RINA_Internship_Analysis\outputs\Second Trial\01_Crop_Dual_Reference\Day 4\Tray 3\DJI_20260622122437_0003_MS_NIR.TIF,1200,840,"(840, 1200)",uint16,100.0,True,
4,Day 4,3,Tray 3,DJI_20260622122437_0003,MS_R,C:\Users\rahma\Downloads\RINA_Internship_Analysis\outputs\Second Trial\01_Crop_Dual_Reference\Day 4\Tray 3\DJI_20260622122437_0003_MS_R.TIF,1200,840,"(840, 1200)",uint16,100.0,True,
4,Day 4,3,Tray 3,DJI_20260622122437_0003,MS_RE,C:\Users\rahma\Downloads\RINA_Internship_Analysis\outputs\Second Trial\01_Crop_Dual_Reference\Day 4\Tray 3\DJI_20260622122437_0003_MS_RE.TIF,1200,840,"(840, 1200)",uint16,100.0,True,
4,Day 4,5,Tray 5,DJI_20260622122624_0005,D,C:\Users\rahma\Downloads\RINA_Internship_Analysis\outputs\Second Trial\01_Crop_Dual_Reference\Day 4\Tray 5\DJI_20260622122624_0005_D.JPG,1200,840,"(840, 1200, 3)",uint8,99.98174603174603,True,
4,Day 4,5,Tray 5,DJI_20260622122624_0005,MS_G,C:\Users\rahma\Downloads\RINA_Internship_Analysis\outputs\Second Trial\01_Crop_Dual_Reference\Day 4\Tray 5\DJI_20260622122624_0005_MS_G.TIF,1200,840,"(840, 1200)",uint16,100.0,True,
4,Day 4,5,Tray 5,DJI_20260622122624_0005,MS_NIR,C:\Users\rahma\Downloads\RINA_Internship_Analysis\outputs\Second Trial\01_Crop_Dual_Reference\Day 4\Tray 5\DJI_20260622122624_0005_MS_NIR.TIF,1200,840,"(840, 1200)",uint16,100.0,True,
4,Day 4,5,Tray 5,DJI_20260622122624_0005,MS_R,C:\Users\rahma\Downloads\RINA_Internship_Analysis\outputs\Second Trial\01_Crop_Dual_Reference\Day 4\Tray 5\DJI_20260622122624_0005_MS_R.TIF,1200,840,"(840, 1200)",uint16,100.0,True,
4,Day 4,5,Tray 5,DJI_20260622122624_0005,MS_RE,C:\Users\rahma\Downloads\RINA_Internship_Analysis\outputs\Second Trial\01_Crop_Dual_Reference\Day 4\Tray 5\DJI_20260622122624_0005_MS_RE.TIF,1200,840,"(840, 1200)",uint16,100.0,True,
4,Day 4,6,Tray 6,DJI_20260622122657_0006,D,C:\Users\rahma\Downloads\RINA_Internship_Analysis\outputs\Second Trial\01_Crop_Dual_Reference\Day 4\Tray 6\DJI_20260622122657_0006_D.JPG,1200,840,"(840, 1200, 3)",uint8,100.0,True,
4,Day 4,6,Tray 6,DJI_20260622122657_0006,MS_G,C:\Users\rahma\Downloads\RINA_Internship_Analysis\outputs\Second Trial\01_Crop_Dual_Reference\Day 4\Tray 6\DJI_20260622122657_0006_MS_G.TIF,1200,840,"(840, 1200)",uint16,100.0,True,
4,Day 4,6,Tray 6,DJI_20260622122657_0006,MS_NIR,C:\Users\rahma\Downloads\RINA_Internship_Analysis\outputs\Second Trial\01_Crop_Dual_Reference\Day 4\Tray 6\DJI_20260622122657_0006_MS_NIR.TIF,1200,840,"(840, 1200)",uint16,100.0,True,
4,Day 4,6,Tray 6,DJI_20260622122657_0006,MS_R,C:\Users\rahma\Downloads\RINA_Internship_Analysis\outputs\Second Trial\01_Crop_Dual_Reference\Day 4\Tray 6\DJI_20260622122657_0006_MS_R.TIF,1200,840,"(840, 1200)",uint16,100.0,True,
4,Day 4,6,Tray 6,DJI_20260622122657_0006,MS_RE,C:\Users\rahma\Downloads\RINA_Internship_Analysis\outputs\Second Trial\01_Crop_Dual_Reference\Day 4\Tray 6\DJI_20260622122657_0006_MS_RE.TIF,1200,840,"(840, 1200)",uint16,100.0,True,
4,Day 4,7,Tray 7,DJI_20260622122752_0007,D,C:\Users\rahma\Downloads\RINA_Internship_Analysis\outputs\Second Trial\01_Crop_Dual_Reference\Day 4\Tray 7\DJI_20260622122752_0007_D.JPG,1200,840,"(840, 1200, 3)",uint8,99.99940476190477,True,
4,Day 4,7,Tray 7,DJI_20260622122752_0007,MS_G,C:\Users\rahma\Downloads\RINA_Internship_Analysis\outputs\Second Trial\01_Crop_Dual_Reference\Day 4\Tray 7\DJI_20260622122752_0007_MS_G.TIF,1200,840,"(840, 1200)",uint16,100.0,True,
4,Day 4,7,Tray 7,DJI_20260622122752_0007,MS_NIR,C:\Users\rahma\Downloads\RINA_Internship_Analysis\outputs\Second Trial\01_Crop_Dual_Reference\Day 4\Tray 7\DJI_20260622122752_0007_MS_NIR.TIF,1200,840,"(840, 1200)",uint16,100.0,True,
4,Day 4,7,Tray 7,DJI_20260622122752_0007,MS_R,C:\Users\rahma\Downloads\RINA_Internship_Analysis\outputs\Second Trial\01_Crop_Dual_Reference\Day 4\Tray 7\DJI_20260622122752_0007_MS_R.TIF,1200,840,"(840, 1200)",uint16,100.0,True,
4,Day 4,7,Tray 7,DJI_20260622122752_0007,MS_RE,C:\Users\rahma\Downloads\RINA_Internship_Analysis\outputs\Second Trial\01_Crop_Dual_Reference\Day 4\Tray 7\DJI_20260622122752_0007_MS_RE.TIF,1200,840,"(840, 1200)",uint16,100.0,True,
4,Day 4,8,Tray 8,DJI_20260622122838_0008,D,C:\Users\rahma\Downloads\RINA_Internship_Analysis\outputs\Second Trial\01_Crop_Dual_Reference\Day 4\Tray 8\DJI_20260622122838_0008_D.JPG,1200,840,"(840, 1200, 3)",uint8,99.98730158730159,True,
4,Day 4,8,Tray 8,DJI_20260622122838_0008,MS_G,C:\Users\rahma\Downloads\RINA_Internship_Analysis\outputs\Second Trial\01_Crop_Dual_Reference\Day 4\Tray 8\DJI_20260622122838_0008_MS_G.TIF,1200,840,"(840, 1200)",uint16,100.0,True,
4,Day 4,8,Tray 8,DJI_20260622122838_0008,MS_NIR,C:\Users\rahma\Downloads\RINA_Internship_Analysis\outputs\Second Trial\01_Crop_Dual_Reference\Day 4\Tray 8\DJI_20260622122838_0008_MS_NIR.TIF,1200,840,"(840, 1200)",uint16,100.0,True,
4,Day 4,8,Tray 8,DJI_20260622122838_0008,MS_R,C:\Users\rahma\Downloads\RINA_Internship_Analysis\outputs\Second Trial\01_Crop_Dual_Reference\Day 4\Tray 8\DJI_20260622122838_0008_MS_R.TIF,1200,840,"(840, 1200)",uint16,100.0,True,
4,Day 4,8,Tray 8,DJI_20260622122838_0008,MS_RE,C:\Users\rahma\Downloads\RINA_Internship_Analysis\outputs\Second Trial\01_Crop_Dual_Reference\Day 4\Tray 8\DJI_20260622122838_0008_MS_RE.TIF,1200,840,"(840, 1200)",uint16,100.0,True,
9,Day 9,1,Tray 1,DJI_20260627101229_0001,D,C:\Users\rahma\Downloads\RINA_Internship_Analysis\outputs\Second Trial\01_Crop_Dual_Reference\Day 9\Tray 1\DJI_20260627101229_0001_D.JPG,1200,840,"(840, 1200, 3)",uint8,99.8985119047619,True,
9,Day 9,1,Tray 1,DJI_20260627101229_0001,MS_G,C:\Users\rahma\Downloads\RINA_Internship_Analysis\outputs\Second Trial\01_Crop_Dual_Reference\Day 9\Tray 1\DJI_20260627101229_0001_MS_G.TIF,1200,840,"(840, 1200)",uint16,100.0,True,
9,Day 9,1,Tray 1,DJI_20260627101229_0001,MS_NIR,C:\Users\rahma\Downloads\RINA_Internship_Analysis\outputs\Second Trial\01_Crop_Dual_Reference\Day 9\Tray 1\DJI_20260627101229_0001_MS_NIR.TIF,1200,840,"(840, 1200)",uint16,100.0,True,
9,Day 9,1,Tray 1,DJI_20260627101229_0001,MS_R,C:\Users\rahma\Downloads\RINA_Internship_Analysis\outputs\Second Trial\01_Crop_Dual_Reference\Day 9\Tray 1\DJI_20260627101229_0001_MS_R.TIF,1200,840,"(840, 1200)",uint16,100.0,True,
9,Day 9,1,Tray 1,DJI_20260627101229_0001,MS_RE,C:\Users\rahma\Downloads\RINA_Internship_Analysis\outputs\Second Trial\01_Crop_Dual_Reference\Day 9\Tray 1\DJI_20260627101229_0001_MS_RE.TIF,1200,840,"(840, 1200)",uint16,100.0,True,
9,Day 9,3,Tray 3,DJI_20260627101610_0003,D,C:\Users\rahma\Downloads\RINA_Internship_Analysis\outputs\Second Trial\01_Crop_Dual_Reference\Day 9\Tray 3\DJI_20260627101610_0003_D.JPG,1200,840,"(840, 1200, 3)",uint8,99.99801587301587,True,
9,Day 9,3,Tray 3,DJI_20260627101610_0003,MS_G,C:\Users\rahma\Downloads\RINA_Internship_Analysis\outputs\Second Trial\01_Crop_Dual_Reference\Day 9\Tray 3\DJI_20260627101610_0003_MS_G.TIF,1200,840,"(840, 1200)",uint16,100.0,True,
9,Day 9,3,Tray 3,DJI_20260627101610_0003,MS_NIR,C:\Users\rahma\Downloads\RINA_Internship_Analysis\outputs\Second Trial\01_Crop_Dual_Reference\Day 9\Tray 3\DJI_20260627101610_0003_MS_NIR.TIF,1200,840,"(840, 1200)",uint16,100.0,True,
9,Day 9,3,Tray 3,DJI_20260627101610_0003,MS_R,C:\Users\rahma\Downloads\RINA_Internship_Analysis\outputs\Second Trial\01_Crop_Dual_Reference\Day 9\Tray 3\DJI_20260627101610_0003_MS_R.TIF,1200,840,"(840, 1200)",uint16,100.0,True,
9,Day 9,3,Tray 3,DJI_20260627101610_0003,MS_RE,C:\Users\rahma\Downloads\RINA_Internship_Analysis\outputs\Second Trial\01_Crop_Dual_Reference\Day 9\Tray 3\DJI_20260627101610_0003_MS_RE.TIF,1200,840,"(840, 1200)",uint16,100.0,True,
9,Day 9,5,Tray 5,DJI_20260627101808_0005,D,C:\Users\rahma\Downloads\RINA_Internship_Analysis\outputs\Second Trial\01_Crop_Dual_Reference\Day 9\Tray 5\DJI_20260627101808_0005_D.JPG,1200,840,"(840, 1200, 3)",uint8,99.79285714285714,True,
9,Day 9,5,Tray 5,DJI_20260627101808_0005,MS_G,C:\Users\rahma\Downloads\RINA_Internship_Analysis\outputs\Second Trial\01_Crop_Dual_Reference\Day 9\Tray 5\DJI_20260627101808_0005_MS_G.TIF,1200,840,"(840, 1200)",uint16,100.0,True,
9,Day 9,5,Tray 5,DJI_20260627101808_0005,MS_NIR,C:\Users\rahma\Downloads\RINA_Internship_Analysis\outputs\Second Trial\01_Crop_Dual_Reference\Day 9\Tray 5\DJI_20260627101808_0005_MS_NIR.TIF,1200,840,"(840, 1200)",uint16,100.0,True,
9,Day 9,5,Tray 5,DJI_20260627101808_0005,MS_R,C:\Users\rahma\Downloads\RINA_Internship_Analysis\outputs\Second Trial\01_Crop_Dual_Reference\Day 9\Tray 5\DJI_20260627101808_0005_MS_R.TIF,1200,840,"(840, 1200)",uint16,100.0,True,
9,Day 9,5,Tray 5,DJI_20260627101808_0005,MS_RE,C:\Users\rahma\Downloads\RINA_Internship_Analysis\outputs\Second Trial\01_Crop_Dual_Reference\Day 9\Tray 5\DJI_20260627101808_0005_MS_RE.TIF,1200,840,"(840, 1200)",uint16,100.0,True,
9,Day 9,6,Tray 6,DJI_20260627101858_0006,D,C:\Users\rahma\Downloads\RINA_Internship_Analysis\outputs\Second Trial\01_Crop_Dual_Reference\Day 9\Tray 6\DJI_20260627101858_0006_D.JPG,1200,840,"(840, 1200, 3)",uint8,99.99642857142858,True,
9,Day 9,6,Tray 6,DJI_20260627101858_0006,MS_G,C:\Users\rahma\Downloads\RINA_Internship_Analysis\outputs\Second Trial\01_Crop_Dual_Reference\Day 9\Tray 6\DJI_20260627101858_0006_MS_G.TIF,1200,840,"(840, 1200)",uint16,100.0,True,
9,Day 9,6,Tray 6,DJI_20260627101858_0006,MS_NIR,C:\Users\rahma\Downloads\RINA_Internship_Analysis\outputs\Second Trial\01_Crop_Dual_Reference\Day 9\Tray 6\DJI_20260627101858_0006_MS_NIR.TIF,1200,840,"(840, 1200)",uint16,100.0,True,
9,Day 9,6,Tray 6,DJI_20260627101858_0006,MS_R,C:\Users\rahma\Downloads\RINA_Internship_Analysis\outputs\Second Trial\01_Crop_Dual_Reference\Day 9\Tray 6\DJI_20260627101858_0006_MS_R.TIF,1200,840,"(840, 1200)",uint16,100.0,True,
9,Day 9,6,Tray 6,DJI_20260627101858_0006,MS_RE,C:\Users\rahma\Downloads\RINA_Internship_Analysis\outputs\Second Trial\01_Crop_Dual_Reference\Day 9\Tray 6\DJI_20260627101858_0006_MS_RE.TIF,1200,840,"(840, 1200)",uint16,100.0,True,
9,Day 9,7,Tray 7,DJI_20260627101933_0007,D,C:\Users\rahma\Downloads\RINA_Internship_Analysis\outputs\Second Trial\01_Crop_Dual_Reference\Day 9\Tray 7\DJI_20260627101933_0007_D.JPG,1200,840,"(840, 1200, 3)",uint8,99.99424603174603,True,
9,Day 9,7,Tray 7,DJI_20260627101933_0007,MS_G,C:\Users\rahma\Downloads\RINA_Internship_Analysis\outputs\Second Trial\01_Crop_Dual_Reference\Day 9\Tray 7\DJI_20260627101933_0007_MS_G.TIF,1200,840,"(840, 1200)",uint16,100.0,True,
9,Day 9,7,Tray 7,DJI_20260627101933_0007,MS_NIR,C:\Users\rahma\Downloads\RINA_Internship_Analysis\outputs\Second Trial\01_Crop_Dual_Reference\Day 9\Tray 7\DJI_20260627101933_0007_MS_NIR.TIF,1200,840,"(840, 1200)",uint16,100.0,True,
9,Day 9,7,Tray 7,DJI_20260627101933_0007,MS_R,C:\Users\rahma\Downloads\RINA_Internship_Analysis\outputs\Second Trial\01_Crop_Dual_Reference\Day 9\Tray 7\DJI_20260627101933_0007_MS_R.TIF,1200,840,"(840, 1200)",uint16,100.0,True,
9,Day 9,7,Tray 7,DJI_20260627101933_0007,MS_RE,C:\Users\rahma\Downloads\RINA_Internship_Analysis\outputs\Second Trial\01_Crop_Dual_Reference\Day 9\Tray 7\DJI_20260627101933_0007_MS_RE.TIF,1200,840,"(840, 1200)",uint16,100.0,True,
9,Day 9,8,Tray 8,DJI_20260627102037_0008,D,C:\Users\rahma\Downloads\RINA_Internship_Analysis\outputs\Second Trial\01_Crop_Dual_Reference\Day 9\Tray 8\DJI_20260627102037_0008_D.JPG,1200,840,"(840, 1200, 3)",uint8,99.8782738095238,True,
9,Day 9,8,Tray 8,DJI_20260627102037_0008,MS_G,C:\Users\rahma\Downloads\RINA_Internship_Analysis\outputs\Second Trial\01_Crop_Dual_Reference\Day 9\Tray 8\DJI_20260627102037_0008_MS_G.TIF,1200,840,"(840, 1200)",uint16,100.0,True,
9,Day 9,8,Tray 8,DJI_20260627102037_0008,MS_NIR,C:\Users\rahma\Downloads\RINA_Internship_Analysis\outputs\Second Trial\01_Crop_Dual_Reference\Day 9\Tray 8\DJI_20260627102037_0008_MS_NIR.TIF,1200,840,"(840, 1200)",uint16,100.0,True,
9,Day 9,8,Tray 8,DJI_20260627102037_0008,MS_R,C:\Users\rahma\Downloads\RINA_Internship_Analysis\outputs\Second Trial\01_Crop_Dual_Reference\Day 9\Tray 8\DJI_20260627102037_0008_MS_R.TIF,1200,840,"(840, 1200)",uint16,100.0,True,
9,Day 9,8,Tray 8,DJI_20260627102037_0008,MS_RE,C:\Users\rahma\Downloads\RINA_Internship_Analysis\outputs\Second Trial\01_Crop_Dual_Reference\Day 9\Tray 8\DJI_20260627102037_0008_MS_RE.TIF,1200,840,"(840, 1200)",uint16,100.0,True,
