section,relative_path,file_name,suffix,size_kb
01_Crop_Dual_Reference,01_Crop_Dual_Reference\_config\analysis_settings.json,analysis_settings.json,.json,0.36
01_Crop_Dual_Reference,01_Crop_Dual_Reference\_config\crop_points.json,crop_points.json,.json,8.27
01_Crop_Dual_Reference,01_Crop_Dual_Reference\_reports\crop_manifest.csv,crop_manifest.csv,.csv,10.19
01_Crop_Dual_Reference,01_Crop_Dual_Reference\_reports\day_completeness.csv,day_completeness.csv,.csv,0.08
01_Crop_Dual_Reference,01_Crop_Dual_Reference\_reports\raw_dataset_manifest.csv,raw_dataset_manifest.csv,.csv,7.95
01_Crop_Dual_Reference,01_Crop_Dual_Reference\_reports\selected_analysis_manifest.csv,selected_analysis_manifest.csv,.csv,9.18
01_Crop_Dual_Reference,01_Crop_Dual_Reference\_reports\selected_before_day_filter.csv,selected_before_day_filter.csv,.csv,7.95
01_Crop_Dual_Reference,01_Crop_Dual_Reference\_reports\third_trial_tray_design.csv,third_trial_tray_design.csv,.csv,1.06
01_Crop_Dual_Reference,01_Crop_Dual_Reference\Day 1\Tray 1\Day_01_Tray_01_D.JPG,Day_01_Tray_01_D.JPG,.jpg,1648.94
01_Crop_Dual_Reference,01_Crop_Dual_Reference\Day 1\Tray 1\Day_01_Tray_01_MS_G.TIF,Day_01_Tray_01_MS_G.TIF,.tif,1969.0
01_Crop_Dual_Reference,01_Crop_Dual_Reference\Day 1\Tray 1\Day_01_Tray_01_MS_NIR.TIF,Day_01_Tray_01_MS_NIR.TIF,.tif,1969.0
01_Crop_Dual_Reference,01_Crop_Dual_Reference\Day 1\Tray 1\Day_01_Tray_01_MS_R.TIF,Day_01_Tray_01_MS_R.TIF,.tif,1969.0
01_Crop_Dual_Reference,01_Crop_Dual_Reference\Day 1\Tray 1\Day_01_Tray_01_MS_RE.TIF,Day_01_Tray_01_MS_RE.TIF,.tif,1969.0
01_Crop_Dual_Reference,01_Crop_Dual_Reference\Day 1\Tray 2\Day_01_Tray_02_D.JPG,Day_01_Tray_02_D.JPG,.jpg,1541.38
01_Crop_Dual_Reference,01_Crop_Dual_Reference\Day 1\Tray 2\Day_01_Tray_02_MS_G.TIF,Day_01_Tray_02_MS_G.TIF,.tif,1969.0
01_Crop_Dual_Reference,01_Crop_Dual_Reference\Day 1\Tray 2\Day_01_Tray_02_MS_NIR.TIF,Day_01_Tray_02_MS_NIR.TIF,.tif,1969.0
01_Crop_Dual_Reference,01_Crop_Dual_Reference\Day 1\Tray 2\Day_01_Tray_02_MS_R.TIF,Day_01_Tray_02_MS_R.TIF,.tif,1969.0
01_Crop_Dual_Reference,01_Crop_Dual_Reference\Day 1\Tray 2\Day_01_Tray_02_MS_RE.TIF,Day_01_Tray_02_MS_RE.TIF,.tif,1969.0
01_Crop_Dual_Reference,01_Crop_Dual_Reference\Day 1\Tray 3\Day_01_Tray_03_D.JPG,Day_01_Tray_03_D.JPG,.jpg,1591.81
01_Crop_Dual_Reference,01_Crop_Dual_Reference\Day 1\Tray 3\Day_01_Tray_03_MS_G.TIF,Day_01_Tray_03_MS_G.TIF,.tif,1969.0
01_Crop_Dual_Reference,01_Crop_Dual_Reference\Day 1\Tray 3\Day_01_Tray_03_MS_NIR.TIF,Day_01_Tray_03_MS_NIR.TIF,.tif,1969.0
01_Crop_Dual_Reference,01_Crop_Dual_Reference\Day 1\Tray 3\Day_01_Tray_03_MS_R.TIF,Day_01_Tray_03_MS_R.TIF,.tif,1969.0
01_Crop_Dual_Reference,01_Crop_Dual_Reference\Day 1\Tray 3\Day_01_Tray_03_MS_RE.TIF,Day_01_Tray_03_MS_RE.TIF,.tif,1969.0
01_Crop_Dual_Reference,01_Crop_Dual_Reference\Day 1\Tray 4\Day_01_Tray_04_D.JPG,Day_01_Tray_04_D.JPG,.jpg,1609.93
01_Crop_Dual_Reference,01_Crop_Dual_Reference\Day 1\Tray 4\Day_01_Tray_04_MS_G.TIF,Day_01_Tray_04_MS_G.TIF,.tif,1969.0
01_Crop_Dual_Reference,01_Crop_Dual_Reference\Day 1\Tray 4\Day_01_Tray_04_MS_NIR.TIF,Day_01_Tray_04_MS_NIR.TIF,.tif,1969.0
01_Crop_Dual_Reference,01_Crop_Dual_Reference\Day 1\Tray 4\Day_01_Tray_04_MS_R.TIF,Day_01_Tray_04_MS_R.TIF,.tif,1969.0
01_Crop_Dual_Reference,01_Crop_Dual_Reference\Day 1\Tray 4\Day_01_Tray_04_MS_RE.TIF,Day_01_Tray_04_MS_RE.TIF,.tif,1969.0
01_Crop_Dual_Reference,01_Crop_Dual_Reference\Day 1\Tray 5\Day_01_Tray_05_D.JPG,Day_01_Tray_05_D.JPG,.jpg,1662.17
01_Crop_Dual_Reference,01_Crop_Dual_Reference\Day 1\Tray 5\Day_01_Tray_05_MS_G.TIF,Day_01_Tray_05_MS_G.TIF,.tif,1969.0
01_Crop_Dual_Reference,01_Crop_Dual_Reference\Day 1\Tray 5\Day_01_Tray_05_MS_NIR.TIF,Day_01_Tray_05_MS_NIR.TIF,.tif,1969.0
01_Crop_Dual_Reference,01_Crop_Dual_Reference\Day 1\Tray 5\Day_01_Tray_05_MS_R.TIF,Day_01_Tray_05_MS_R.TIF,.tif,1969.0
01_Crop_Dual_Reference,01_Crop_Dual_Reference\Day 1\Tray 5\Day_01_Tray_05_MS_RE.TIF,Day_01_Tray_05_MS_RE.TIF,.tif,1969.0
01_Crop_Dual_Reference,01_Crop_Dual_Reference\Day 1\Tray 6\Day_01_Tray_06_D.JPG,Day_01_Tray_06_D.JPG,.jpg,1732.95
01_Crop_Dual_Reference,01_Crop_Dual_Reference\Day 1\Tray 6\Day_01_Tray_06_MS_G.TIF,Day_01_Tray_06_MS_G.TIF,.tif,1969.0
01_Crop_Dual_Reference,01_Crop_Dual_Reference\Day 1\Tray 6\Day_01_Tray_06_MS_NIR.TIF,Day_01_Tray_06_MS_NIR.TIF,.tif,1969.0
01_Crop_Dual_Reference,01_Crop_Dual_Reference\Day 1\Tray 6\Day_01_Tray_06_MS_R.TIF,Day_01_Tray_06_MS_R.TIF,.tif,1969.0
01_Crop_Dual_Reference,01_Crop_Dual_Reference\Day 1\Tray 6\Day_01_Tray_06_MS_RE.TIF,Day_01_Tray_06_MS_RE.TIF,.tif,1969.0
01_Crop_Dual_Reference,01_Crop_Dual_Reference\Day 1\Tray 7\Day_01_Tray_07_D.JPG,Day_01_Tray_07_D.JPG,.jpg,1844.54
01_Crop_Dual_Reference,01_Crop_Dual_Reference\Day 1\Tray 7\Day_01_Tray_07_MS_G.TIF,Day_01_Tray_07_MS_G.TIF,.tif,1969.0
01_Crop_Dual_Reference,01_Crop_Dual_Reference\Day 1\Tray 7\Day_01_Tray_07_MS_NIR.TIF,Day_01_Tray_07_MS_NIR.TIF,.tif,1969.0
01_Crop_Dual_Reference,01_Crop_Dual_Reference\Day 1\Tray 7\Day_01_Tray_07_MS_R.TIF,Day_01_Tray_07_MS_R.TIF,.tif,1969.0
01_Crop_Dual_Reference,01_Crop_Dual_Reference\Day 1\Tray 7\Day_01_Tray_07_MS_RE.TIF,Day_01_Tray_07_MS_RE.TIF,.tif,1969.0
01_Crop_Dual_Reference,01_Crop_Dual_Reference\Day 1\Tray 8\Day_01_Tray_08_D.JPG,Day_01_Tray_08_D.JPG,.jpg,1722.11
01_Crop_Dual_Reference,01_Crop_Dual_Reference\Day 1\Tray 8\Day_01_Tray_08_MS_G.TIF,Day_01_Tray_08_MS_G.TIF,.tif,1969.0
01_Crop_Dual_Reference,01_Crop_Dual_Reference\Day 1\Tray 8\Day_01_Tray_08_MS_NIR.TIF,Day_01_Tray_08_MS_NIR.TIF,.tif,1969.0
01_Crop_Dual_Reference,01_Crop_Dual_Reference\Day 1\Tray 8\Day_01_Tray_08_MS_R.TIF,Day_01_Tray_08_MS_R.TIF,.tif,1969.0
01_Crop_Dual_Reference,01_Crop_Dual_Reference\Day 1\Tray 8\Day_01_Tray_08_MS_RE.TIF,Day_01_Tray_08_MS_RE.TIF,.tif,1969.0
01_Crop_Dual_Reference,01_Crop_Dual_Reference\Day 1\Tray 9\Day_01_Tray_09_D.JPG,Day_01_Tray_09_D.JPG,.jpg,1777.57
01_Crop_Dual_Reference,01_Crop_Dual_Reference\Day 1\Tray 9\Day_01_Tray_09_MS_G.TIF,Day_01_Tray_09_MS_G.TIF,.tif,1969.0
01_Crop_Dual_Reference,01_Crop_Dual_Reference\Day 1\Tray 9\Day_01_Tray_09_MS_NIR.TIF,Day_01_Tray_09_MS_NIR.TIF,.tif,1969.0
01_Crop_Dual_Reference,01_Crop_Dual_Reference\Day 1\Tray 9\Day_01_Tray_09_MS_R.TIF,Day_01_Tray_09_MS_R.TIF,.tif,1969.0
01_Crop_Dual_Reference,01_Crop_Dual_Reference\Day 1\Tray 9\Day_01_Tray_09_MS_RE.TIF,Day_01_Tray_09_MS_RE.TIF,.tif,1969.0
01_Crop_Dual_Reference,01_Crop_Dual_Reference\Day 1\Tray 10\Day_01_Tray_10_D.JPG,Day_01_Tray_10_D.JPG,.jpg,1647.85
01_Crop_Dual_Reference,01_Crop_Dual_Reference\Day 1\Tray 10\Day_01_Tray_10_MS_G.TIF,Day_01_Tray_10_MS_G.TIF,.tif,1969.0
01_Crop_Dual_Reference,01_Crop_Dual_Reference\Day 1\Tray 10\Day_01_Tray_10_MS_NIR.TIF,Day_01_Tray_10_MS_NIR.TIF,.tif,1969.0
01_Crop_Dual_Reference,01_Crop_Dual_Reference\Day 1\Tray 10\Day_01_Tray_10_MS_R.TIF,Day_01_Tray_10_MS_R.TIF,.tif,1969.0
01_Crop_Dual_Reference,01_Crop_Dual_Reference\Day 1\Tray 10\Day_01_Tray_10_MS_RE.TIF,Day_01_Tray_10_MS_RE.TIF,.tif,1969.0
01_Crop_Dual_Reference,01_Crop_Dual_Reference\Day 1\Tray 11\Day_01_Tray_11_D.JPG,Day_01_Tray_11_D.JPG,.jpg,1662.02
01_Crop_Dual_Reference,01_Crop_Dual_Reference\Day 1\Tray 11\Day_01_Tray_11_MS_G.TIF,Day_01_Tray_11_MS_G.TIF,.tif,1969.0
01_Crop_Dual_Reference,01_Crop_Dual_Reference\Day 1\Tray 11\Day_01_Tray_11_MS_NIR.TIF,Day_01_Tray_11_MS_NIR.TIF,.tif,1969.0
01_Crop_Dual_Reference,01_Crop_Dual_Reference\Day 1\Tray 11\Day_01_Tray_11_MS_R.TIF,Day_01_Tray_11_MS_R.TIF,.tif,1969.0
01_Crop_Dual_Reference,01_Crop_Dual_Reference\Day 1\Tray 11\Day_01_Tray_11_MS_RE.TIF,Day_01_Tray_11_MS_RE.TIF,.tif,1969.0
01_Crop_Dual_Reference,01_Crop_Dual_Reference\Day 1\Tray 12\Day_01_Tray_12_D.JPG,Day_01_Tray_12_D.JPG,.jpg,1570.79
01_Crop_Dual_Reference,01_Crop_Dual_Reference\Day 1\Tray 12\Day_01_Tray_12_MS_G.TIF,Day_01_Tray_12_MS_G.TIF,.tif,1969.0
01_Crop_Dual_Reference,01_Crop_Dual_Reference\Day 1\Tray 12\Day_01_Tray_12_MS_NIR.TIF,Day_01_Tray_12_MS_NIR.TIF,.tif,1969.0
01_Crop_Dual_Reference,01_Crop_Dual_Reference\Day 1\Tray 12\Day_01_Tray_12_MS_R.TIF,Day_01_Tray_12_MS_R.TIF,.tif,1969.0
01_Crop_Dual_Reference,01_Crop_Dual_Reference\Day 1\Tray 12\Day_01_Tray_12_MS_RE.TIF,Day_01_Tray_12_MS_RE.TIF,.tif,1969.0
02_Crop_Quality_Check,02_Crop_Quality_Check\_reports\crop_quality_check.csv,crop_quality_check.csv,.csv,3.03
02_Crop_Quality_Check,02_Crop_Quality_Check\previews\Day_01_Tray_01_five_band_preview.png,Day_01_Tray_01_five_band_preview.png,.png,2366.57
02_Crop_Quality_Check,02_Crop_Quality_Check\previews\Day_01_Tray_02_five_band_preview.png,Day_01_Tray_02_five_band_preview.png,.png,2316.81
02_Crop_Quality_Check,02_Crop_Quality_Check\previews\Day_01_Tray_03_five_band_preview.png,Day_01_Tray_03_five_band_preview.png,.png,2328.72
02_Crop_Quality_Check,02_Crop_Quality_Check\previews\Day_01_Tray_04_five_band_preview.png,Day_01_Tray_04_five_band_preview.png,.png,2361.14
02_Crop_Quality_Check,02_Crop_Quality_Check\previews\Day_01_Tray_05_five_band_preview.png,Day_01_Tray_05_five_band_preview.png,.png,2403.92
02_Crop_Quality_Check,02_Crop_Quality_Check\previews\Day_01_Tray_06_five_band_preview.png,Day_01_Tray_06_five_band_preview.png,.png,2440.34
02_Crop_Quality_Check,02_Crop_Quality_Check\previews\Day_01_Tray_07_five_band_preview.png,Day_01_Tray_07_five_band_preview.png,.png,2564.04
02_Crop_Quality_Check,02_Crop_Quality_Check\previews\Day_01_Tray_08_five_band_preview.png,Day_01_Tray_08_five_band_preview.png,.png,2396.27
02_Crop_Quality_Check,02_Crop_Quality_Check\previews\Day_01_Tray_09_five_band_preview.png,Day_01_Tray_09_five_band_preview.png,.png,2502.36
02_Crop_Quality_Check,02_Crop_Quality_Check\previews\Day_01_Tray_10_five_band_preview.png,Day_01_Tray_10_five_band_preview.png,.png,2375.25
02_Crop_Quality_Check,02_Crop_Quality_Check\previews\Day_01_Tray_11_five_band_preview.png,Day_01_Tray_11_five_band_preview.png,.png,2406.89
02_Crop_Quality_Check,02_Crop_Quality_Check\previews\Day_01_Tray_12_five_band_preview.png,Day_01_Tray_12_five_band_preview.png,.png,2323.24
03_Cell_Grid_Detection,03_Cell_Grid_Detection\_reports\cell_grid_manifest.csv,cell_grid_manifest.csv,.csv,3.47
03_Cell_Grid_Detection,03_Cell_Grid_Detection\overlays\Day_01_Tray_01_RGB_grid.png,Day_01_Tray_01_RGB_grid.png,.png,5108.29
03_Cell_Grid_Detection,03_Cell_Grid_Detection\overlays\Day_01_Tray_02_RGB_grid.png,Day_01_Tray_02_RGB_grid.png,.png,4861.65
03_Cell_Grid_Detection,03_Cell_Grid_Detection\overlays\Day_01_Tray_03_RGB_grid.png,Day_01_Tray_03_RGB_grid.png,.png,4966.42
03_Cell_Grid_Detection,03_Cell_Grid_Detection\overlays\Day_01_Tray_04_RGB_grid.png,Day_01_Tray_04_RGB_grid.png,.png,4994.46
03_Cell_Grid_Detection,03_Cell_Grid_Detection\overlays\Day_01_Tray_05_RGB_grid.png,Day_01_Tray_05_RGB_grid.png,.png,5153.48
03_Cell_Grid_Detection,03_Cell_Grid_Detection\overlays\Day_01_Tray_06_RGB_grid.png,Day_01_Tray_06_RGB_grid.png,.png,5286.04
03_Cell_Grid_Detection,03_Cell_Grid_Detection\overlays\Day_01_Tray_07_RGB_grid.png,Day_01_Tray_07_RGB_grid.png,.png,5575.65
03_Cell_Grid_Detection,03_Cell_Grid_Detection\overlays\Day_01_Tray_08_RGB_grid.png,Day_01_Tray_08_RGB_grid.png,.png,5235.72
03_Cell_Grid_Detection,03_Cell_Grid_Detection\overlays\Day_01_Tray_09_RGB_grid.png,Day_01_Tray_09_RGB_grid.png,.png,5378.23
03_Cell_Grid_Detection,03_Cell_Grid_Detection\overlays\Day_01_Tray_10_RGB_grid.png,Day_01_Tray_10_RGB_grid.png,.png,5136.11
03_Cell_Grid_Detection,03_Cell_Grid_Detection\overlays\Day_01_Tray_11_RGB_grid.png,Day_01_Tray_11_RGB_grid.png,.png,5127.06
03_Cell_Grid_Detection,03_Cell_Grid_Detection\overlays\Day_01_Tray_12_RGB_grid.png,Day_01_Tray_12_RGB_grid.png,.png,4910.53
04_Visible_Emergence,04_Visible_Emergence\_reports\rgb_cell_metrics.csv,rgb_cell_metrics.csv,.csv,115.7
04_Visible_Emergence,04_Visible_Emergence\_reports\rgb_tray_summary.csv,rgb_tray_summary.csv,.csv,2.16
04_Visible_Emergence,04_Visible_Emergence\_reports\third_trial_rgb_analysis.xlsx,third_trial_rgb_analysis.xlsx,.xlsx,58.84
04_Visible_Emergence,04_Visible_Emergence\overlays\Day_01_Tray_01_emergence_overlay.png,Day_01_Tray_01_emergence_overlay.png,.png,5438.26
04_Visible_Emergence,04_Visible_Emergence\overlays\Day_01_Tray_02_emergence_overlay.png,Day_01_Tray_02_emergence_overlay.png,.png,5173.79
04_Visible_Emergence,04_Visible_Emergence\overlays\Day_01_Tray_03_emergence_overlay.png,Day_01_Tray_03_emergence_overlay.png,.png,5286.39
04_Visible_Emergence,04_Visible_Emergence\overlays\Day_01_Tray_04_emergence_overlay.png,Day_01_Tray_04_emergence_overlay.png,.png,5314.39
04_Visible_Emergence,04_Visible_Emergence\overlays\Day_01_Tray_05_emergence_overlay.png,Day_01_Tray_05_emergence_overlay.png,.png,5484.96
04_Visible_Emergence,04_Visible_Emergence\overlays\Day_01_Tray_06_emergence_overlay.png,Day_01_Tray_06_emergence_overlay.png,.png,5631.02
04_Visible_Emergence,04_Visible_Emergence\overlays\Day_01_Tray_07_emergence_overlay.png,Day_01_Tray_07_emergence_overlay.png,.png,5945.22
04_Visible_Emergence,04_Visible_Emergence\overlays\Day_01_Tray_08_emergence_overlay.png,Day_01_Tray_08_emergence_overlay.png,.png,5576.88
04_Visible_Emergence,04_Visible_Emergence\overlays\Day_01_Tray_09_emergence_overlay.png,Day_01_Tray_09_emergence_overlay.png,.png,5729.65
04_Visible_Emergence,04_Visible_Emergence\overlays\Day_01_Tray_10_emergence_overlay.png,Day_01_Tray_10_emergence_overlay.png,.png,5467.32
04_Visible_Emergence,04_Visible_Emergence\overlays\Day_01_Tray_11_emergence_overlay.png,Day_01_Tray_11_emergence_overlay.png,.png,5457.95
04_Visible_Emergence,04_Visible_Emergence\overlays\Day_01_Tray_12_emergence_overlay.png,Day_01_Tray_12_emergence_overlay.png,.png,5224.33
05_Treatment_Growth_Visuals,05_Treatment_Growth_Visuals\_reports\rgb_group_summary.csv,rgb_group_summary.csv,.csv,2.03
05_Treatment_Growth_Visuals,05_Treatment_Growth_Visuals\charts\emerged_cells_by_actual_environment.png,emerged_cells_by_actual_environment.png,.png,64.14
05_Treatment_Growth_Visuals,05_Treatment_Growth_Visuals\charts\emerged_cells_by_microbe_and_stress.png,emerged_cells_by_microbe_and_stress.png,.png,89.48
05_Treatment_Growth_Visuals,05_Treatment_Growth_Visuals\charts\green_cover_by_actual_environment.png,green_cover_by_actual_environment.png,.png,61.24
05_Treatment_Growth_Visuals,05_Treatment_Growth_Visuals\charts\green_cover_by_microbe_and_stress.png,green_cover_by_microbe_and_stress.png,.png,102.92
06_MS_Cell_Grid_Detection,06_MS_Cell_Grid_Detection\overlays\Day_01_Tray_01_NIR_grid.png,Day_01_Tray_01_NIR_grid.png,.png,2057.76
06_MS_Cell_Grid_Detection,06_MS_Cell_Grid_Detection\overlays\Day_01_Tray_02_NIR_grid.png,Day_01_Tray_02_NIR_grid.png,.png,2002.51
06_MS_Cell_Grid_Detection,06_MS_Cell_Grid_Detection\overlays\Day_01_Tray_03_NIR_grid.png,Day_01_Tray_03_NIR_grid.png,.png,2007.19
06_MS_Cell_Grid_Detection,06_MS_Cell_Grid_Detection\overlays\Day_01_Tray_04_NIR_grid.png,Day_01_Tray_04_NIR_grid.png,.png,1945.42
06_MS_Cell_Grid_Detection,06_MS_Cell_Grid_Detection\overlays\Day_01_Tray_05_NIR_grid.png,Day_01_Tray_05_NIR_grid.png,.png,1963.84
06_MS_Cell_Grid_Detection,06_MS_Cell_Grid_Detection\overlays\Day_01_Tray_06_NIR_grid.png,Day_01_Tray_06_NIR_grid.png,.png,2029.08
06_MS_Cell_Grid_Detection,06_MS_Cell_Grid_Detection\overlays\Day_01_Tray_07_NIR_grid.png,Day_01_Tray_07_NIR_grid.png,.png,2165.97
06_MS_Cell_Grid_Detection,06_MS_Cell_Grid_Detection\overlays\Day_01_Tray_08_NIR_grid.png,Day_01_Tray_08_NIR_grid.png,.png,1957.38
06_MS_Cell_Grid_Detection,06_MS_Cell_Grid_Detection\overlays\Day_01_Tray_09_NIR_grid.png,Day_01_Tray_09_NIR_grid.png,.png,2040.24
06_MS_Cell_Grid_Detection,06_MS_Cell_Grid_Detection\overlays\Day_01_Tray_10_NIR_grid.png,Day_01_Tray_10_NIR_grid.png,.png,2062.13
06_MS_Cell_Grid_Detection,06_MS_Cell_Grid_Detection\overlays\Day_01_Tray_11_NIR_grid.png,Day_01_Tray_11_NIR_grid.png,.png,2044.56
06_MS_Cell_Grid_Detection,06_MS_Cell_Grid_Detection\overlays\Day_01_Tray_12_NIR_grid.png,Day_01_Tray_12_NIR_grid.png,.png,1932.16
07_MS_Vegetation_Indices,07_MS_Vegetation_Indices\_reports\ms_cell_metrics.csv,ms_cell_metrics.csv,.csv,405.38
07_MS_Vegetation_Indices,07_MS_Vegetation_Indices\_reports\ms_tray_summary.csv,ms_tray_summary.csv,.csv,3.98
07_MS_Vegetation_Indices,07_MS_Vegetation_Indices\_reports\third_trial_multispectral_analysis.xlsx,third_trial_multispectral_analysis.xlsx,.xlsx,262.06
07_MS_Vegetation_Indices,07_MS_Vegetation_Indices\heatmaps\Day_01_Tray_01_indices.png,Day_01_Tray_01_indices.png,.png,1695.71
07_MS_Vegetation_Indices,07_MS_Vegetation_Indices\heatmaps\Day_01_Tray_02_indices.png,Day_01_Tray_02_indices.png,.png,1654.66
07_MS_Vegetation_Indices,07_MS_Vegetation_Indices\heatmaps\Day_01_Tray_03_indices.png,Day_01_Tray_03_indices.png,.png,1645.91
07_MS_Vegetation_Indices,07_MS_Vegetation_Indices\heatmaps\Day_01_Tray_04_indices.png,Day_01_Tray_04_indices.png,.png,1655.58
07_MS_Vegetation_Indices,07_MS_Vegetation_Indices\heatmaps\Day_01_Tray_05_indices.png,Day_01_Tray_05_indices.png,.png,1719.02
07_MS_Vegetation_Indices,07_MS_Vegetation_Indices\heatmaps\Day_01_Tray_06_indices.png,Day_01_Tray_06_indices.png,.png,1758.49
07_MS_Vegetation_Indices,07_MS_Vegetation_Indices\heatmaps\Day_01_Tray_07_indices.png,Day_01_Tray_07_indices.png,.png,1835.34
07_MS_Vegetation_Indices,07_MS_Vegetation_Indices\heatmaps\Day_01_Tray_08_indices.png,Day_01_Tray_08_indices.png,.png,1715.7
07_MS_Vegetation_Indices,07_MS_Vegetation_Indices\heatmaps\Day_01_Tray_09_indices.png,Day_01_Tray_09_indices.png,.png,1796.13
07_MS_Vegetation_Indices,07_MS_Vegetation_Indices\heatmaps\Day_01_Tray_10_indices.png,Day_01_Tray_10_indices.png,.png,1712.56
07_MS_Vegetation_Indices,07_MS_Vegetation_Indices\heatmaps\Day_01_Tray_11_indices.png,Day_01_Tray_11_indices.png,.png,1705.66
07_MS_Vegetation_Indices,07_MS_Vegetation_Indices\heatmaps\Day_01_Tray_12_indices.png,Day_01_Tray_12_indices.png,.png,1628.17
08_MS_Treatment_Comparison,08_MS_Treatment_Comparison\_reports\ms_group_summary.csv,ms_group_summary.csv,.csv,3.22
08_MS_Treatment_Comparison,08_MS_Treatment_Comparison\charts\mean_gndvi_by_actual_environment.png,mean_gndvi_by_actual_environment.png,.png,64.76
08_MS_Treatment_Comparison,08_MS_Treatment_Comparison\charts\mean_gndvi_by_microbe_and_stress.png,mean_gndvi_by_microbe_and_stress.png,.png,91.32
08_MS_Treatment_Comparison,08_MS_Treatment_Comparison\charts\mean_ndre_by_actual_environment.png,mean_ndre_by_actual_environment.png,.png,61.81
08_MS_Treatment_Comparison,08_MS_Treatment_Comparison\charts\mean_ndre_by_microbe_and_stress.png,mean_ndre_by_microbe_and_stress.png,.png,91.14
08_MS_Treatment_Comparison,08_MS_Treatment_Comparison\charts\mean_ndvi_by_actual_environment.png,mean_ndvi_by_actual_environment.png,.png,55.92
08_MS_Treatment_Comparison,08_MS_Treatment_Comparison\charts\mean_ndvi_by_microbe_and_stress.png,mean_ndvi_by_microbe_and_stress.png,.png,97.81
09_Third_Trial_Synthesis,09_Third_Trial_Synthesis\_reports\microbe_minus_no_microbe_effects.csv,microbe_minus_no_microbe_effects.csv,.csv,1.88
09_Third_Trial_Synthesis,09_Third_Trial_Synthesis\_reports\rgb_ms_correlations.csv,rgb_ms_correlations.csv,.csv,1.05
09_Third_Trial_Synthesis,09_Third_Trial_Synthesis\_reports\third_trial_complete_results.xlsx,third_trial_complete_results.xlsx,.xlsx,21.94
09_Third_Trial_Synthesis,09_Third_Trial_Synthesis\_reports\third_trial_daily_synthesis.csv,third_trial_daily_synthesis.csv,.csv,3.47
09_Third_Trial_Synthesis,09_Third_Trial_Synthesis\_reports\third_trial_final_day_ranking.csv,third_trial_final_day_ranking.csv,.csv,4.89
09_Third_Trial_Synthesis,09_Third_Trial_Synthesis\_reports\third_trial_master_summary.csv,third_trial_master_summary.csv,.csv,4.89
09_Third_Trial_Synthesis,09_Third_Trial_Synthesis\_reports\third_trial_overall_group_summary.csv,third_trial_overall_group_summary.csv,.csv,3.39
09_Third_Trial_Synthesis,09_Third_Trial_Synthesis\manual_validation\manual_emergence_validation_template.csv,manual_emergence_validation_template.csv,.csv,59.31
10_Report_Figure_Package,10_Report_Figure_Package\figures\05_Treatment_Growth_Visuals_emerged_cells_by_actual_environment.png,05_Treatment_Growth_Visuals_emerged_cells_by_actual_environment.png,.png,64.14
10_Report_Figure_Package,10_Report_Figure_Package\figures\05_Treatment_Growth_Visuals_emerged_cells_by_microbe_and_stress.png,05_Treatment_Growth_Visuals_emerged_cells_by_microbe_and_stress.png,.png,89.48
10_Report_Figure_Package,10_Report_Figure_Package\figures\05_Treatment_Growth_Visuals_green_cover_by_actual_environment.png,05_Treatment_Growth_Visuals_green_cover_by_actual_environment.png,.png,61.24
10_Report_Figure_Package,10_Report_Figure_Package\figures\05_Treatment_Growth_Visuals_green_cover_by_microbe_and_stress.png,05_Treatment_Growth_Visuals_green_cover_by_microbe_and_stress.png,.png,102.92
10_Report_Figure_Package,10_Report_Figure_Package\figures\07_MS_Vegetation_Indices_Day_01_Tray_01_indices.png,07_MS_Vegetation_Indices_Day_01_Tray_01_indices.png,.png,1695.71
10_Report_Figure_Package,10_Report_Figure_Package\figures\07_MS_Vegetation_Indices_Day_01_Tray_02_indices.png,07_MS_Vegetation_Indices_Day_01_Tray_02_indices.png,.png,1654.66
10_Report_Figure_Package,10_Report_Figure_Package\figures\07_MS_Vegetation_Indices_Day_01_Tray_03_indices.png,07_MS_Vegetation_Indices_Day_01_Tray_03_indices.png,.png,1645.91
10_Report_Figure_Package,10_Report_Figure_Package\figures\07_MS_Vegetation_Indices_Day_01_Tray_04_indices.png,07_MS_Vegetation_Indices_Day_01_Tray_04_indices.png,.png,1655.58
10_Report_Figure_Package,10_Report_Figure_Package\figures\07_MS_Vegetation_Indices_Day_01_Tray_05_indices.png,07_MS_Vegetation_Indices_Day_01_Tray_05_indices.png,.png,1719.02
10_Report_Figure_Package,10_Report_Figure_Package\figures\07_MS_Vegetation_Indices_Day_01_Tray_06_indices.png,07_MS_Vegetation_Indices_Day_01_Tray_06_indices.png,.png,1758.49
10_Report_Figure_Package,10_Report_Figure_Package\figures\07_MS_Vegetation_Indices_Day_01_Tray_07_indices.png,07_MS_Vegetation_Indices_Day_01_Tray_07_indices.png,.png,1835.34
10_Report_Figure_Package,10_Report_Figure_Package\figures\07_MS_Vegetation_Indices_Day_01_Tray_08_indices.png,07_MS_Vegetation_Indices_Day_01_Tray_08_indices.png,.png,1715.7
10_Report_Figure_Package,10_Report_Figure_Package\figures\07_MS_Vegetation_Indices_Day_01_Tray_09_indices.png,07_MS_Vegetation_Indices_Day_01_Tray_09_indices.png,.png,1796.13
10_Report_Figure_Package,10_Report_Figure_Package\figures\07_MS_Vegetation_Indices_Day_01_Tray_10_indices.png,07_MS_Vegetation_Indices_Day_01_Tray_10_indices.png,.png,1712.56
10_Report_Figure_Package,10_Report_Figure_Package\figures\07_MS_Vegetation_Indices_Day_01_Tray_11_indices.png,07_MS_Vegetation_Indices_Day_01_Tray_11_indices.png,.png,1705.66
10_Report_Figure_Package,10_Report_Figure_Package\figures\07_MS_Vegetation_Indices_Day_01_Tray_12_indices.png,07_MS_Vegetation_Indices_Day_01_Tray_12_indices.png,.png,1628.17
10_Report_Figure_Package,10_Report_Figure_Package\figures\08_MS_Treatment_Comparison_mean_gndvi_by_actual_environment.png,08_MS_Treatment_Comparison_mean_gndvi_by_actual_environment.png,.png,64.76
10_Report_Figure_Package,10_Report_Figure_Package\figures\08_MS_Treatment_Comparison_mean_gndvi_by_microbe_and_stress.png,08_MS_Treatment_Comparison_mean_gndvi_by_microbe_and_stress.png,.png,91.32
10_Report_Figure_Package,10_Report_Figure_Package\figures\08_MS_Treatment_Comparison_mean_ndre_by_actual_environment.png,08_MS_Treatment_Comparison_mean_ndre_by_actual_environment.png,.png,61.81
10_Report_Figure_Package,10_Report_Figure_Package\figures\08_MS_Treatment_Comparison_mean_ndre_by_microbe_and_stress.png,08_MS_Treatment_Comparison_mean_ndre_by_microbe_and_stress.png,.png,91.14
10_Report_Figure_Package,10_Report_Figure_Package\figures\08_MS_Treatment_Comparison_mean_ndvi_by_actual_environment.png,08_MS_Treatment_Comparison_mean_ndvi_by_actual_environment.png,.png,55.92
10_Report_Figure_Package,10_Report_Figure_Package\figures\08_MS_Treatment_Comparison_mean_ndvi_by_microbe_and_stress.png,08_MS_Treatment_Comparison_mean_ndvi_by_microbe_and_stress.png,.png,97.81
10_Report_Figure_Package,10_Report_Figure_Package\report_figure_manifest.csv,report_figure_manifest.csv,.csv,6.42
10_Report_Figure_Package,10_Report_Figure_Package\reports\crop_quality_check.csv,crop_quality_check.csv,.csv,3.03
10_Report_Figure_Package,10_Report_Figure_Package\reports\day_completeness.csv,day_completeness.csv,.csv,0.08
10_Report_Figure_Package,10_Report_Figure_Package\reports\manual_emergence_validation_template.csv,manual_emergence_validation_template.csv,.csv,59.31
10_Report_Figure_Package,10_Report_Figure_Package\reports\microbe_minus_no_microbe_effects.csv,microbe_minus_no_microbe_effects.csv,.csv,1.88
10_Report_Figure_Package,10_Report_Figure_Package\reports\rgb_ms_correlations.csv,rgb_ms_correlations.csv,.csv,1.05
10_Report_Figure_Package,10_Report_Figure_Package\reports\third_trial_complete_results.xlsx,third_trial_complete_results.xlsx,.xlsx,21.94
10_Report_Figure_Package,10_Report_Figure_Package\reports\third_trial_daily_synthesis.csv,third_trial_daily_synthesis.csv,.csv,3.47
10_Report_Figure_Package,10_Report_Figure_Package\reports\third_trial_master_summary.csv,third_trial_master_summary.csv,.csv,4.89
10_Report_Figure_Package,10_Report_Figure_Package\reports\third_trial_multispectral_analysis.xlsx,third_trial_multispectral_analysis.xlsx,.xlsx,262.06
10_Report_Figure_Package,10_Report_Figure_Package\reports\third_trial_rgb_analysis.xlsx,third_trial_rgb_analysis.xlsx,.xlsx,58.84
10_Report_Figure_Package,10_Report_Figure_Package\reports\third_trial_tray_design.csv,third_trial_tray_design.csv,.csv,1.06
10_Report_Figure_Package,10_Report_Figure_Package\Third_Trial_Report_Package.zip,Third_Trial_Report_Package.zip,.zip,21375.91
