filename,treatment,day,row,col,cell_id,x1,y1,x2,y2,roi_x1,roi_y1,roi_x2,roi_y2,green_pixels,total_pixels,green_ratio,mean_green_strength,max_green_strength,largest_green_cluster,germinated_estimate
microbes_day_01_standardized.jpg,Microbes,1,1,1,R01_C01,0,0,120,120,14,14,106,106,0,8464,0.0,0.0,0.0,0,False
microbes_day_01_standardized.jpg,Microbes,1,1,2,R01_C02,120,0,240,120,134,14,226,106,0,8464,0.0,0.0,0.0,0,False
microbes_day_01_standardized.jpg,Microbes,1,1,3,R01_C03,240,0,360,120,254,14,346,106,100,8464,0.011814744801512287,64.48999786376953,94.0,60,True
microbes_day_01_standardized.jpg,Microbes,1,1,4,R01_C04,360,0,480,120,374,14,466,106,17,8464,0.002008506616257089,74.23529052734375,86.0,15,True
microbes_day_01_standardized.jpg,Microbes,1,1,5,R01_C05,480,0,600,120,494,14,586,106,40,8464,0.004725897920604915,69.44999694824219,96.0,29,True
microbes_day_01_standardized.jpg,Microbes,1,1,6,R01_C06,600,0,720,120,614,14,706,106,0,8464,0.0,0.0,0.0,0,False
microbes_day_01_standardized.jpg,Microbes,1,1,7,R01_C07,720,0,840,120,734,14,826,106,32,8464,0.003780718336483932,84.4375,104.0,17,True
microbes_day_01_standardized.jpg,Microbes,1,1,8,R01_C08,840,0,960,120,854,14,946,106,87,8464,0.01027882797731569,74.50574493408203,95.0,76,True
microbes_day_01_standardized.jpg,Microbes,1,1,9,R01_C09,960,0,1080,120,974,14,1066,106,0,8464,0.0,0.0,0.0,0,False
microbes_day_01_standardized.jpg,Microbes,1,1,10,R01_C10,1080,0,1200,120,1094,14,1186,106,20,8464,0.0023629489603024575,85.6500015258789,100.0,12,True
microbes_day_01_standardized.jpg,Microbes,1,2,1,R02_C01,0,120,120,240,14,134,106,226,3,8464,0.00035444234404536864,71.66666412353516,78.0,3,False
microbes_day_01_standardized.jpg,Microbes,1,2,2,R02_C02,120,120,240,240,134,134,226,226,0,8464,0.0,0.0,0.0,0,False
microbes_day_01_standardized.jpg,Microbes,1,2,3,R02_C03,240,120,360,240,254,134,346,226,0,8464,0.0,0.0,0.0,0,False
microbes_day_01_standardized.jpg,Microbes,1,2,4,R02_C04,360,120,480,240,374,134,466,226,0,8464,0.0,0.0,0.0,0,False
microbes_day_01_standardized.jpg,Microbes,1,2,5,R02_C05,480,120,600,240,494,134,586,226,24,8464,0.002835538752362949,69.33333587646484,91.0,13,True
microbes_day_01_standardized.jpg,Microbes,1,2,6,R02_C06,600,120,720,240,614,134,706,226,0,8464,0.0,0.0,0.0,0,False
microbes_day_01_standardized.jpg,Microbes,1,2,7,R02_C07,720,120,840,240,734,134,826,226,14,8464,0.0016540642722117202,82.0,104.0,14,False
microbes_day_01_standardized.jpg,Microbes,1,2,8,R02_C08,840,120,960,240,854,134,946,226,1,8464,0.00011814744801512288,16.0,16.0,1,False
microbes_day_01_standardized.jpg,Microbes,1,2,9,R02_C09,960,120,1080,240,974,134,1066,226,1,8464,0.00011814744801512288,65.0,65.0,1,False
microbes_day_01_standardized.jpg,Microbes,1,2,10,R02_C10,1080,120,1200,240,1094,134,1186,226,7,8464,0.0008270321361058601,71.0,83.0,7,False
microbes_day_01_standardized.jpg,Microbes,1,3,1,R03_C01,0,240,120,360,14,254,106,346,1,8464,0.00011814744801512288,68.0,68.0,1,False
microbes_day_01_standardized.jpg,Microbes,1,3,2,R03_C02,120,240,240,360,134,254,226,346,0,8464,0.0,0.0,0.0,0,False
microbes_day_01_standardized.jpg,Microbes,1,3,3,R03_C03,240,240,360,360,254,254,346,346,83,8464,0.009806238185255198,66.72289276123047,91.0,50,True
microbes_day_01_standardized.jpg,Microbes,1,3,4,R03_C04,360,240,480,360,374,254,466,346,0,8464,0.0,0.0,0.0,0,False
microbes_day_01_standardized.jpg,Microbes,1,3,5,R03_C05,480,240,600,360,494,254,586,346,7,8464,0.0008270321361058601,66.0,92.0,7,False
microbes_day_01_standardized.jpg,Microbes,1,3,6,R03_C06,600,240,720,360,614,254,706,346,0,8464,0.0,0.0,0.0,0,False
microbes_day_01_standardized.jpg,Microbes,1,3,7,R03_C07,720,240,840,360,734,254,826,346,0,8464,0.0,0.0,0.0,0,False
microbes_day_01_standardized.jpg,Microbes,1,3,8,R03_C08,840,240,960,360,854,254,946,346,0,8464,0.0,0.0,0.0,0,False
microbes_day_01_standardized.jpg,Microbes,1,3,9,R03_C09,960,240,1080,360,974,254,1066,346,0,8464,0.0,0.0,0.0,0,False
microbes_day_01_standardized.jpg,Microbes,1,3,10,R03_C10,1080,240,1200,360,1094,254,1186,346,60,8464,0.007088846880907372,59.18333435058594,88.0,35,True
microbes_day_01_standardized.jpg,Microbes,1,4,1,R04_C01,0,360,120,480,14,374,106,466,0,8464,0.0,0.0,0.0,0,False
microbes_day_01_standardized.jpg,Microbes,1,4,2,R04_C02,120,360,240,480,134,374,226,466,0,8464,0.0,0.0,0.0,0,False
microbes_day_01_standardized.jpg,Microbes,1,4,3,R04_C03,240,360,360,480,254,374,346,466,68,8464,0.008034026465028356,64.69117736816406,92.0,40,True
microbes_day_01_standardized.jpg,Microbes,1,4,4,R04_C04,360,360,480,480,374,374,466,466,113,8464,0.013350661625708886,68.16814422607422,101.0,113,True
microbes_day_01_standardized.jpg,Microbes,1,4,5,R04_C05,480,360,600,480,494,374,586,466,20,8464,0.0023629489603024575,77.80000305175781,109.0,20,True
microbes_day_01_standardized.jpg,Microbes,1,4,6,R04_C06,600,360,720,480,614,374,706,466,0,8464,0.0,0.0,0.0,0,False
microbes_day_01_standardized.jpg,Microbes,1,4,7,R04_C07,720,360,840,480,734,374,826,466,19,8464,0.0022448015122873348,94.9473648071289,115.0,19,True
microbes_day_01_standardized.jpg,Microbes,1,4,8,R04_C08,840,360,960,480,854,374,946,466,0,8464,0.0,0.0,0.0,0,False
microbes_day_01_standardized.jpg,Microbes,1,4,9,R04_C09,960,360,1080,480,974,374,1066,466,86,8464,0.010160680529300567,69.52325439453125,91.0,44,True
microbes_day_01_standardized.jpg,Microbes,1,4,10,R04_C10,1080,360,1200,480,1094,374,1186,466,18,8464,0.0021266540642722116,76.55555725097656,98.0,12,True
microbes_day_01_standardized.jpg,Microbes,1,5,1,R05_C01,0,480,120,600,14,494,106,586,44,8464,0.005198487712665407,62.1136360168457,82.0,34,True
microbes_day_01_standardized.jpg,Microbes,1,5,2,R05_C02,120,480,240,600,134,494,226,586,46,8464,0.005434782608695652,56.0,73.0,29,True
microbes_day_01_standardized.jpg,Microbes,1,5,3,R05_C03,240,480,360,600,254,494,346,586,104,8464,0.012287334593572778,61.471153259277344,90.0,51,True
microbes_day_01_standardized.jpg,Microbes,1,5,4,R05_C04,360,480,480,600,374,494,466,586,2,8464,0.00023629489603024575,36.0,40.0,2,False
microbes_day_01_standardized.jpg,Microbes,1,5,5,R05_C05,480,480,600,600,494,494,586,586,59,8464,0.006970699432892249,86.67796325683594,112.0,31,True
microbes_day_01_standardized.jpg,Microbes,1,5,6,R05_C06,600,480,720,600,614,494,706,586,0,8464,0.0,0.0,0.0,0,False
microbes_day_01_standardized.jpg,Microbes,1,5,7,R05_C07,720,480,840,600,734,494,826,586,0,8464,0.0,0.0,0.0,0,False
microbes_day_01_standardized.jpg,Microbes,1,5,8,R05_C08,840,480,960,600,854,494,946,586,0,8464,0.0,0.0,0.0,0,False
microbes_day_01_standardized.jpg,Microbes,1,5,9,R05_C09,960,480,1080,600,974,494,1066,586,2,8464,0.00023629489603024575,96.0,98.0,2,False
microbes_day_01_standardized.jpg,Microbes,1,5,10,R05_C10,1080,480,1200,600,1094,494,1186,586,0,8464,0.0,0.0,0.0,0,False
microbes_day_01_standardized.jpg,Microbes,1,6,1,R06_C01,0,600,120,720,14,614,106,706,0,8464,0.0,0.0,0.0,0,False
microbes_day_01_standardized.jpg,Microbes,1,6,2,R06_C02,120,600,240,720,134,614,226,706,0,8464,0.0,0.0,0.0,0,False
microbes_day_01_standardized.jpg,Microbes,1,6,3,R06_C03,240,600,360,720,254,614,346,706,0,8464,0.0,0.0,0.0,0,False
microbes_day_01_standardized.jpg,Microbes,1,6,4,R06_C04,360,600,480,720,374,614,466,706,27,8464,0.0031899810964083177,63.296295166015625,75.0,18,True
microbes_day_01_standardized.jpg,Microbes,1,6,5,R06_C05,480,600,600,720,494,614,586,706,28,8464,0.0033081285444234404,83.5,122.0,20,True
microbes_day_01_standardized.jpg,Microbes,1,6,6,R06_C06,600,600,720,720,614,614,706,706,32,8464,0.003780718336483932,83.75,118.0,32,True
microbes_day_01_standardized.jpg,Microbes,1,6,7,R06_C07,720,600,840,720,734,614,826,706,0,8464,0.0,0.0,0.0,0,False
microbes_day_01_standardized.jpg,Microbes,1,6,8,R06_C08,840,600,960,720,854,614,946,706,0,8464,0.0,0.0,0.0,0,False
microbes_day_01_standardized.jpg,Microbes,1,6,9,R06_C09,960,600,1080,720,974,614,1066,706,67,8464,0.007915879017013232,83.10447692871094,111.0,48,True
microbes_day_01_standardized.jpg,Microbes,1,6,10,R06_C10,1080,600,1200,720,1094,614,1186,706,5,8464,0.0005907372400756144,84.0,88.0,5,False
microbes_day_01_standardized.jpg,Microbes,1,7,1,R07_C01,0,720,120,840,14,734,106,826,0,8464,0.0,0.0,0.0,0,False
microbes_day_01_standardized.jpg,Microbes,1,7,2,R07_C02,120,720,240,840,134,734,226,826,0,8464,0.0,0.0,0.0,0,False
microbes_day_01_standardized.jpg,Microbes,1,7,3,R07_C03,240,720,360,840,254,734,346,826,16,8464,0.001890359168241966,65.125,78.0,15,True
microbes_day_01_standardized.jpg,Microbes,1,7,4,R07_C04,360,720,480,840,374,734,466,826,0,8464,0.0,0.0,0.0,0,False
microbes_day_01_standardized.jpg,Microbes,1,7,5,R07_C05,480,720,600,840,494,734,586,826,56,8464,0.006616257088846881,75.23213958740234,95.0,34,True
microbes_day_01_standardized.jpg,Microbes,1,7,6,R07_C06,600,720,720,840,614,734,706,826,44,8464,0.005198487712665407,62.818180084228516,91.0,31,True
microbes_day_01_standardized.jpg,Microbes,1,7,7,R07_C07,720,720,840,840,734,734,826,826,0,8464,0.0,0.0,0.0,0,False
microbes_day_01_standardized.jpg,Microbes,1,7,8,R07_C08,840,720,960,840,854,734,946,826,8,8464,0.000945179584120983,73.375,78.0,8,False
microbes_day_01_standardized.jpg,Microbes,1,7,9,R07_C09,960,720,1080,840,974,734,1066,826,0,8464,0.0,0.0,0.0,0,False
microbes_day_01_standardized.jpg,Microbes,1,7,10,R07_C10,1080,720,1200,840,1094,734,1186,826,0,8464,0.0,0.0,0.0,0,False
microbes_day_03_standardized.jpg,Microbes,3,1,1,R01_C01,0,0,120,120,14,14,106,106,0,8464,0.0,0.0,0.0,0,False
microbes_day_03_standardized.jpg,Microbes,3,1,2,R01_C02,120,0,240,120,134,14,226,106,86,8464,0.010160680529300567,81.39534759521484,121.0,59,True
microbes_day_03_standardized.jpg,Microbes,3,1,3,R01_C03,240,0,360,120,254,14,346,106,192,8464,0.022684310018903593,60.88020706176758,102.0,171,True
microbes_day_03_standardized.jpg,Microbes,3,1,4,R01_C04,360,0,480,120,374,14,466,106,150,8464,0.01772211720226843,80.84666442871094,109.0,92,True
microbes_day_03_standardized.jpg,Microbes,3,1,5,R01_C05,480,0,600,120,494,14,586,106,112,8464,0.013232514177693762,64.30357360839844,110.0,61,True
microbes_day_03_standardized.jpg,Microbes,3,1,6,R01_C06,600,0,720,120,614,14,706,106,0,8464,0.0,0.0,0.0,0,False
microbes_day_03_standardized.jpg,Microbes,3,1,7,R01_C07,720,0,840,120,734,14,826,106,144,8464,0.017013232514177693,64.52777862548828,96.0,87,True
microbes_day_03_standardized.jpg,Microbes,3,1,8,R01_C08,840,0,960,120,854,14,946,106,134,8464,0.015831758034026464,74.17163848876953,102.0,106,True
microbes_day_03_standardized.jpg,Microbes,3,1,9,R01_C09,960,0,1080,120,974,14,1066,106,0,8464,0.0,0.0,0.0,0,False
microbes_day_03_standardized.jpg,Microbes,3,1,10,R01_C10,1080,0,1200,120,1094,14,1186,106,66,8464,0.0077977315689981095,59.34848403930664,80.0,29,True
microbes_day_03_standardized.jpg,Microbes,3,2,1,R02_C01,0,120,120,240,14,134,106,226,72,8464,0.008506616257088847,71.19444274902344,100.0,37,True
microbes_day_03_standardized.jpg,Microbes,3,2,2,R02_C02,120,120,240,240,134,134,226,226,0,8464,0.0,0.0,0.0,0,False
microbes_day_03_standardized.jpg,Microbes,3,2,3,R02_C03,240,120,360,240,254,134,346,226,0,8464,0.0,0.0,0.0,0,False
microbes_day_03_standardized.jpg,Microbes,3,2,4,R02_C04,360,120,480,240,374,134,466,226,23,8464,0.002717391304347826,79.21739196777344,94.0,16,True
microbes_day_03_standardized.jpg,Microbes,3,2,5,R02_C05,480,120,600,240,494,134,586,226,174,8464,0.02055765595463138,85.86206817626953,120.0,101,True
microbes_day_03_standardized.jpg,Microbes,3,2,6,R02_C06,600,120,720,240,614,134,706,226,16,8464,0.001890359168241966,88.5,104.0,7,True
microbes_day_03_standardized.jpg,Microbes,3,2,7,R02_C07,720,120,840,240,734,134,826,226,148,8464,0.017485822306238186,59.736488342285156,87.0,81,True
microbes_day_03_standardized.jpg,Microbes,3,2,8,R02_C08,840,120,960,240,854,134,946,226,48,8464,0.005671077504725898,72.39583587646484,88.0,34,True
microbes_day_03_standardized.jpg,Microbes,3,2,9,R02_C09,960,120,1080,240,974,134,1066,226,89,8464,0.010515122873345936,58.449440002441406,83.0,44,True
microbes_day_03_standardized.jpg,Microbes,3,2,10,R02_C10,1080,120,1200,240,1094,134,1186,226,23,8464,0.002717391304347826,54.739131927490234,62.0,20,True
microbes_day_03_standardized.jpg,Microbes,3,3,1,R03_C01,0,240,120,360,14,254,106,346,13,8464,0.0015359168241965973,88.46154022216797,102.0,8,False
microbes_day_03_standardized.jpg,Microbes,3,3,2,R03_C02,120,240,240,360,134,254,226,346,0,8464,0.0,0.0,0.0,0,False
microbes_day_03_standardized.jpg,Microbes,3,3,3,R03_C03,240,240,360,360,254,254,346,346,196,8464,0.023156899810964082,72.55101776123047,103.0,102,True
microbes_day_03_standardized.jpg,Microbes,3,3,4,R03_C04,360,240,480,360,374,254,466,346,125,8464,0.01476843100189036,77.54399871826172,104.0,75,True
microbes_day_03_standardized.jpg,Microbes,3,3,5,R03_C05,480,240,600,360,494,254,586,346,98,8464,0.011578449905482041,71.90816497802734,106.0,52,True
microbes_day_03_standardized.jpg,Microbes,3,3,6,R03_C06,600,240,720,360,614,254,706,346,0,8464,0.0,0.0,0.0,0,False
microbes_day_03_standardized.jpg,Microbes,3,3,7,R03_C07,720,240,840,360,734,254,826,346,113,8464,0.013350661625708886,73.73451232910156,117.0,73,True
microbes_day_03_standardized.jpg,Microbes,3,3,8,R03_C08,840,240,960,360,854,254,946,346,3,8464,0.00035444234404536864,62.33333206176758,79.0,2,False
microbes_day_03_standardized.jpg,Microbes,3,3,9,R03_C09,960,240,1080,360,974,254,1066,346,0,8464,0.0,0.0,0.0,0,False
microbes_day_03_standardized.jpg,Microbes,3,3,10,R03_C10,1080,240,1200,360,1094,254,1186,346,0,8464,0.0,0.0,0.0,0,False
microbes_day_03_standardized.jpg,Microbes,3,4,1,R04_C01,0,360,120,480,14,374,106,466,4,8464,0.0004725897920604915,98.5,103.0,1,False
microbes_day_03_standardized.jpg,Microbes,3,4,2,R04_C02,120,360,240,480,134,374,226,466,28,8464,0.0033081285444234404,78.21428680419922,124.0,17,True
microbes_day_03_standardized.jpg,Microbes,3,4,3,R04_C03,240,360,360,480,254,374,346,466,219,8464,0.02587429111531191,74.1369857788086,101.0,110,True
microbes_day_03_standardized.jpg,Microbes,3,4,4,R04_C04,360,360,480,480,374,374,466,466,236,8464,0.027882797731568997,77.94915008544922,154.0,125,True
microbes_day_03_standardized.jpg,Microbes,3,4,5,R04_C05,480,360,600,480,494,374,586,466,96,8464,0.011342155009451797,69.07291412353516,102.0,49,True
microbes_day_03_standardized.jpg,Microbes,3,4,6,R04_C06,600,360,720,480,614,374,706,466,112,8464,0.013232514177693762,75.27678680419922,101.0,112,True
microbes_day_03_standardized.jpg,Microbes,3,4,7,R04_C07,720,360,840,480,734,374,826,466,105,8464,0.012405482041587902,74.18095397949219,105.0,54,True
microbes_day_03_standardized.jpg,Microbes,3,4,8,R04_C08,840,360,960,480,854,374,946,466,53,8464,0.006261814744801512,63.09434127807617,92.0,47,True
microbes_day_03_standardized.jpg,Microbes,3,4,9,R04_C09,960,360,1080,480,974,374,1066,466,15,8464,0.001772211720226843,75.26667022705078,102.0,9,True
microbes_day_03_standardized.jpg,Microbes,3,4,10,R04_C10,1080,360,1200,480,1094,374,1186,466,0,8464,0.0,0.0,0.0,0,False
microbes_day_03_standardized.jpg,Microbes,3,5,1,R05_C01,0,480,120,600,14,494,106,586,111,8464,0.01311436672967864,69.92792510986328,93.0,58,True
microbes_day_03_standardized.jpg,Microbes,3,5,2,R05_C02,120,480,240,600,134,494,226,586,143,8464,0.016895085066162573,65.65035247802734,106.0,73,True
microbes_day_03_standardized.jpg,Microbes,3,5,3,R05_C03,240,480,360,600,254,494,346,586,187,8464,0.022093572778827977,85.5775375366211,115.0,100,True
microbes_day_03_standardized.jpg,Microbes,3,5,4,R05_C04,360,480,480,600,374,494,466,586,126,8464,0.014886578449905482,69.93650817871094,117.0,65,True
microbes_day_03_standardized.jpg,Microbes,3,5,5,R05_C05,480,480,600,600,494,494,586,586,241,8464,0.028473534971644614,78.35269927978516,117.0,125,True
microbes_day_03_standardized.jpg,Microbes,3,5,6,R05_C06,600,480,720,600,614,494,706,586,125,8464,0.01476843100189036,81.71199798583984,116.0,69,True
microbes_day_03_standardized.jpg,Microbes,3,5,7,R05_C07,720,480,840,600,734,494,826,586,100,8464,0.011814744801512287,74.52999877929688,121.0,67,True
microbes_day_03_standardized.jpg,Microbes,3,5,8,R05_C08,840,480,960,600,854,494,946,586,0,8464,0.0,0.0,0.0,0,False
microbes_day_03_standardized.jpg,Microbes,3,5,9,R05_C09,960,480,1080,600,974,494,1066,586,0,8464,0.0,0.0,0.0,0,False
microbes_day_03_standardized.jpg,Microbes,3,5,10,R05_C10,1080,480,1200,600,1094,494,1186,586,1,8464,0.00011814744801512288,44.0,44.0,1,False
microbes_day_03_standardized.jpg,Microbes,3,6,1,R06_C01,0,600,120,720,14,614,106,706,0,8464,0.0,0.0,0.0,0,False
microbes_day_03_standardized.jpg,Microbes,3,6,2,R06_C02,120,600,240,720,134,614,226,706,36,8464,0.004253308128544423,72.83333587646484,96.0,18,True
microbes_day_03_standardized.jpg,Microbes,3,6,3,R06_C03,240,600,360,720,254,614,346,706,0,8464,0.0,0.0,0.0,0,False
microbes_day_03_standardized.jpg,Microbes,3,6,4,R06_C04,360,600,480,720,374,614,466,706,118,8464,0.013941398865784499,80.23728942871094,104.0,65,True
microbes_day_03_standardized.jpg,Microbes,3,6,5,R06_C05,480,600,600,720,494,614,586,706,225,8464,0.026583175803402647,92.28888702392578,120.0,114,True
microbes_day_03_standardized.jpg,Microbes,3,6,6,R06_C06,600,600,720,720,614,614,706,706,127,8464,0.015004725897920604,92.3622055053711,118.0,127,True
microbes_day_03_standardized.jpg,Microbes,3,6,7,R06_C07,720,600,840,720,734,614,826,706,0,8464,0.0,0.0,0.0,0,False
microbes_day_03_standardized.jpg,Microbes,3,6,8,R06_C08,840,600,960,720,854,614,946,706,16,8464,0.001890359168241966,57.25,80.0,16,True
microbes_day_03_standardized.jpg,Microbes,3,6,9,R06_C09,960,600,1080,720,974,614,1066,706,216,8464,0.02551984877126654,62.48147964477539,101.0,132,True
microbes_day_03_standardized.jpg,Microbes,3,6,10,R06_C10,1080,600,1200,720,1094,614,1186,706,23,8464,0.002717391304347826,76.21739196777344,102.0,15,True
microbes_day_03_standardized.jpg,Microbes,3,7,1,R07_C01,0,720,120,840,14,734,106,826,3,8464,0.00035444234404536864,84.33333587646484,92.0,3,False
microbes_day_03_standardized.jpg,Microbes,3,7,2,R07_C02,120,720,240,840,134,734,226,826,95,8464,0.011224007561436673,78.44210815429688,124.0,55,True
microbes_day_03_standardized.jpg,Microbes,3,7,3,R07_C03,240,720,360,840,254,734,346,826,141,8464,0.016658790170132325,61.539005279541016,96.0,82,True
microbes_day_03_standardized.jpg,Microbes,3,7,4,R07_C04,360,720,480,840,374,734,466,826,0,8464,0.0,0.0,0.0,0,False
microbes_day_03_standardized.jpg,Microbes,3,7,5,R07_C05,480,720,600,840,494,734,586,826,192,8464,0.022684310018903593,79.41146087646484,130.0,137,True
microbes_day_03_standardized.jpg,Microbes,3,7,6,R07_C06,600,720,720,840,614,734,706,826,94,8464,0.01110586011342155,81.18085479736328,100.0,49,True
microbes_day_03_standardized.jpg,Microbes,3,7,7,R07_C07,720,720,840,840,734,734,826,826,0,8464,0.0,0.0,0.0,0,False
microbes_day_03_standardized.jpg,Microbes,3,7,8,R07_C08,840,720,960,840,854,734,946,826,0,8464,0.0,0.0,0.0,0,False
microbes_day_03_standardized.jpg,Microbes,3,7,9,R07_C09,960,720,1080,840,974,734,1066,826,3,8464,0.00035444234404536864,72.66666412353516,85.0,3,False
microbes_day_03_standardized.jpg,Microbes,3,7,10,R07_C10,1080,720,1200,840,1094,734,1186,826,1,8464,0.00011814744801512288,54.0,54.0,1,False
microbes_day_04_standardized.jpg,Microbes,4,1,1,R01_C01,0,0,120,120,14,14,106,106,0,8464,0.0,0.0,0.0,0,False
microbes_day_04_standardized.jpg,Microbes,4,1,2,R01_C02,120,0,240,120,134,14,226,106,63,8464,0.007443289224952741,71.71428680419922,83.0,53,True
microbes_day_04_standardized.jpg,Microbes,4,1,3,R01_C03,240,0,360,120,254,14,346,106,159,8464,0.018785444234404536,78.28302001953125,98.0,116,True
microbes_day_04_standardized.jpg,Microbes,4,1,4,R01_C04,360,0,480,120,374,14,466,106,154,8464,0.018194706994328923,82.81169128417969,108.0,86,True
microbes_day_04_standardized.jpg,Microbes,4,1,5,R01_C05,480,0,600,120,494,14,586,106,143,8464,0.016895085066162573,76.4825210571289,101.0,86,True
microbes_day_04_standardized.jpg,Microbes,4,1,6,R01_C06,600,0,720,120,614,14,706,106,0,8464,0.0,0.0,0.0,0,False
microbes_day_04_standardized.jpg,Microbes,4,1,7,R01_C07,720,0,840,120,734,14,826,106,162,8464,0.019139886578449904,81.33950805664062,104.0,92,True
microbes_day_04_standardized.jpg,Microbes,4,1,8,R01_C08,840,0,960,120,854,14,946,106,234,8464,0.027646502835538753,79.75640869140625,106.0,126,True
microbes_day_04_standardized.jpg,Microbes,4,1,9,R01_C09,960,0,1080,120,974,14,1066,106,0,8464,0.0,0.0,0.0,0,False
microbes_day_04_standardized.jpg,Microbes,4,1,10,R01_C10,1080,0,1200,120,1094,14,1186,106,87,8464,0.01027882797731569,82.06896209716797,98.0,55,True
microbes_day_04_standardized.jpg,Microbes,4,2,1,R02_C01,0,120,120,240,14,134,106,226,87,8464,0.01027882797731569,69.88505554199219,89.0,55,True
microbes_day_04_standardized.jpg,Microbes,4,2,2,R02_C02,120,120,240,240,134,134,226,226,0,8464,0.0,0.0,0.0,0,False
microbes_day_04_standardized.jpg,Microbes,4,2,3,R02_C03,240,120,360,240,254,134,346,226,0,8464,0.0,0.0,0.0,0,False
microbes_day_04_standardized.jpg,Microbes,4,2,4,R02_C04,360,120,480,240,374,134,466,226,80,8464,0.00945179584120983,77.1500015258789,104.0,46,True
microbes_day_04_standardized.jpg,Microbes,4,2,5,R02_C05,480,120,600,240,494,134,586,226,198,8464,0.02339319470699433,82.97979736328125,115.0,97,True
microbes_day_04_standardized.jpg,Microbes,4,2,6,R02_C06,600,120,720,240,614,134,706,226,67,8464,0.007915879017013232,77.07462310791016,100.0,47,True
microbes_day_04_standardized.jpg,Microbes,4,2,7,R02_C07,720,120,840,240,734,134,826,226,169,8464,0.019966918714555765,83.49703979492188,106.0,90,True
microbes_day_04_standardized.jpg,Microbes,4,2,8,R02_C08,840,120,960,240,854,134,946,226,101,8464,0.01193289224952741,73.47525024414062,92.0,63,True
microbes_day_04_standardized.jpg,Microbes,4,2,9,R02_C09,960,120,1080,240,974,134,1066,226,145,8464,0.017131379962192817,85.3862075805664,109.0,93,True
microbes_day_04_standardized.jpg,Microbes,4,2,10,R02_C10,1080,120,1200,240,1094,134,1186,226,110,8464,0.012996219281663515,77.85454559326172,94.0,80,True
microbes_day_04_standardized.jpg,Microbes,4,3,1,R03_C01,0,240,120,360,14,254,106,346,100,8464,0.011814744801512287,66.55999755859375,81.0,76,True
microbes_day_04_standardized.jpg,Microbes,4,3,2,R03_C02,120,240,240,360,134,254,226,346,0,8464,0.0,0.0,0.0,0,False
microbes_day_04_standardized.jpg,Microbes,4,3,3,R03_C03,240,240,360,360,254,254,346,346,194,8464,0.022920604914933838,75.94329833984375,92.0,102,True
microbes_day_04_standardized.jpg,Microbes,4,3,4,R03_C04,360,240,480,360,374,254,466,346,121,8464,0.014295841209829867,71.83470916748047,92.0,83,True
microbes_day_04_standardized.jpg,Microbes,4,3,5,R03_C05,480,240,600,360,494,254,586,346,152,8464,0.017958412098298678,72.8618392944336,97.0,91,True
microbes_day_04_standardized.jpg,Microbes,4,3,6,R03_C06,600,240,720,360,614,254,706,346,9,8464,0.0010633270321361058,74.77777862548828,81.0,9,False
microbes_day_04_standardized.jpg,Microbes,4,3,7,R03_C07,720,240,840,360,734,254,826,346,143,8464,0.016895085066162573,76.09091186523438,105.0,100,True
microbes_day_04_standardized.jpg,Microbes,4,3,8,R03_C08,840,240,960,360,854,254,946,346,11,8464,0.0012996219281663517,87.0,106.0,7,False
microbes_day_04_standardized.jpg,Microbes,4,3,9,R03_C09,960,240,1080,360,974,254,1066,346,0,8464,0.0,0.0,0.0,0,False
microbes_day_04_standardized.jpg,Microbes,4,3,10,R03_C10,1080,240,1200,360,1094,254,1186,346,0,8464,0.0,0.0,0.0,0,False
microbes_day_04_standardized.jpg,Microbes,4,4,1,R04_C01,0,360,120,480,14,374,106,466,30,8464,0.003544423440453686,58.46666717529297,80.0,13,True
microbes_day_04_standardized.jpg,Microbes,4,4,2,R04_C02,120,360,240,480,134,374,226,466,73,8464,0.00862476370510397,67.78082275390625,94.0,44,True
microbes_day_04_standardized.jpg,Microbes,4,4,3,R04_C03,240,360,360,480,254,374,346,466,245,8464,0.028946124763705103,71.54693603515625,104.0,127,True
microbes_day_04_standardized.jpg,Microbes,4,4,4,R04_C04,360,360,480,480,374,374,466,466,267,8464,0.03154536862003781,74.3857650756836,107.0,134,True
microbes_day_04_standardized.jpg,Microbes,4,4,5,R04_C05,480,360,600,480,494,374,586,466,101,8464,0.01193289224952741,70.37623596191406,90.0,52,True
microbes_day_04_standardized.jpg,Microbes,4,4,6,R04_C06,600,360,720,480,614,374,706,466,135,8464,0.015949905482041588,86.37777709960938,113.0,73,True
microbes_day_04_standardized.jpg,Microbes,4,4,7,R04_C07,720,360,840,480,734,374,826,466,115,8464,0.01358695652173913,80.91304016113281,98.0,73,True
microbes_day_04_standardized.jpg,Microbes,4,4,8,R04_C08,840,360,960,480,854,374,946,466,87,8464,0.01027882797731569,77.97701263427734,104.0,70,True
microbes_day_04_standardized.jpg,Microbes,4,4,9,R04_C09,960,360,1080,480,974,374,1066,466,53,8464,0.006261814744801512,75.26415252685547,83.0,51,True
microbes_day_04_standardized.jpg,Microbes,4,4,10,R04_C10,1080,360,1200,480,1094,374,1186,466,0,8464,0.0,0.0,0.0,0,False
microbes_day_04_standardized.jpg,Microbes,4,5,1,R05_C01,0,480,120,600,14,494,106,586,160,8464,0.01890359168241966,64.92500305175781,89.0,90,True
microbes_day_04_standardized.jpg,Microbes,4,5,2,R05_C02,120,480,240,600,134,494,226,586,126,8464,0.014886578449905482,68.70635223388672,88.0,78,True
microbes_day_04_standardized.jpg,Microbes,4,5,3,R05_C03,240,480,360,600,254,494,346,586,184,8464,0.021739130434782608,77.27717590332031,115.0,130,True
microbes_day_04_standardized.jpg,Microbes,4,5,4,R05_C04,360,480,480,600,374,494,466,586,150,8464,0.01772211720226843,62.400001525878906,79.0,150,True
microbes_day_04_standardized.jpg,Microbes,4,5,5,R05_C05,480,480,600,600,494,494,586,586,240,8464,0.02835538752362949,80.98332977294922,103.0,135,True
microbes_day_04_standardized.jpg,Microbes,4,5,6,R05_C06,600,480,720,600,614,494,706,586,146,8464,0.01724952741020794,70.86986541748047,103.0,95,True
microbes_day_04_standardized.jpg,Microbes,4,5,7,R05_C07,720,480,840,600,734,494,826,586,141,8464,0.016658790170132325,80.45390319824219,105.0,81,True
microbes_day_04_standardized.jpg,Microbes,4,5,8,R05_C08,840,480,960,600,854,494,946,586,0,8464,0.0,0.0,0.0,0,False
microbes_day_04_standardized.jpg,Microbes,4,5,9,R05_C09,960,480,1080,600,974,494,1066,586,10,8464,0.0011814744801512287,89.5999984741211,102.0,5,False
microbes_day_04_standardized.jpg,Microbes,4,5,10,R05_C10,1080,480,1200,600,1094,494,1186,586,20,8464,0.0023629489603024575,81.1500015258789,96.0,11,True
microbes_day_04_standardized.jpg,Microbes,4,6,1,R06_C01,0,600,120,720,14,614,106,706,0,8464,0.0,0.0,0.0,0,False
microbes_day_04_standardized.jpg,Microbes,4,6,2,R06_C02,120,600,240,720,134,614,226,706,76,8464,0.008979206049149339,61.407894134521484,79.0,57,True
microbes_day_04_standardized.jpg,Microbes,4,6,3,R06_C03,240,600,360,720,254,614,346,706,0,8464,0.0,0.0,0.0,0,False
microbes_day_04_standardized.jpg,Microbes,4,6,4,R06_C04,360,600,480,720,374,614,466,706,135,8464,0.015949905482041588,65.47407531738281,86.0,72,True
microbes_day_04_standardized.jpg,Microbes,4,6,5,R06_C05,480,600,600,720,494,614,586,706,267,8464,0.03154536862003781,74.5430679321289,111.0,156,True
microbes_day_04_standardized.jpg,Microbes,4,6,6,R06_C06,600,600,720,720,614,614,706,706,131,8464,0.015477315689981097,74.70992279052734,100.0,74,True
microbes_day_04_standardized.jpg,Microbes,4,6,7,R06_C07,720,600,840,720,734,614,826,706,0,8464,0.0,0.0,0.0,0,False
microbes_day_04_standardized.jpg,Microbes,4,6,8,R06_C08,840,600,960,720,854,614,946,706,12,8464,0.0014177693761814746,72.41666412353516,83.0,12,False
microbes_day_04_standardized.jpg,Microbes,4,6,9,R06_C09,960,600,1080,720,974,614,1066,706,263,8464,0.031072778827977314,79.1330795288086,100.0,137,True
microbes_day_04_standardized.jpg,Microbes,4,6,10,R06_C10,1080,600,1200,720,1094,614,1186,706,96,8464,0.011342155009451797,90.97916412353516,100.0,66,True
microbes_day_04_standardized.jpg,Microbes,4,7,1,R07_C01,0,720,120,840,14,734,106,826,45,8464,0.005316635160680529,62.68888854980469,74.0,24,True
microbes_day_04_standardized.jpg,Microbes,4,7,2,R07_C02,120,720,240,840,134,734,226,826,90,8464,0.010633270321361058,66.0111083984375,91.0,50,True
microbes_day_04_standardized.jpg,Microbes,4,7,3,R07_C03,240,720,360,840,254,734,346,826,137,8464,0.016186200378071832,60.30656814575195,80.0,84,True
microbes_day_04_standardized.jpg,Microbes,4,7,4,R07_C04,360,720,480,840,374,734,466,826,0,8464,0.0,0.0,0.0,0,False
microbes_day_04_standardized.jpg,Microbes,4,7,5,R07_C05,480,720,600,840,494,734,586,826,263,8464,0.031072778827977314,68.07604217529297,84.0,177,True
microbes_day_04_standardized.jpg,Microbes,4,7,6,R07_C06,600,720,720,840,614,734,706,826,137,8464,0.016186200378071832,67.0656967163086,95.0,70,True
microbes_day_04_standardized.jpg,Microbes,4,7,7,R07_C07,720,720,840,840,734,734,826,826,0,8464,0.0,0.0,0.0,0,False
microbes_day_04_standardized.jpg,Microbes,4,7,8,R07_C08,840,720,960,840,854,734,946,826,40,8464,0.004725897920604915,75.17500305175781,85.0,28,True
microbes_day_04_standardized.jpg,Microbes,4,7,9,R07_C09,960,720,1080,840,974,734,1066,826,112,8464,0.013232514177693762,79.80357360839844,99.0,60,True
microbes_day_04_standardized.jpg,Microbes,4,7,10,R07_C10,1080,720,1200,840,1094,734,1186,826,0,8464,0.0,0.0,0.0,0,False
no_microbes_day_01_standardized.jpg,No Microbes,1,1,1,R01_C01,0,0,120,120,14,14,106,106,0,8464,0.0,0.0,0.0,0,False
no_microbes_day_01_standardized.jpg,No Microbes,1,1,2,R01_C02,120,0,240,120,134,14,226,106,72,8464,0.008506616257088847,55.70833206176758,83.0,39,True
no_microbes_day_01_standardized.jpg,No Microbes,1,1,3,R01_C03,240,0,360,120,254,14,346,106,17,8464,0.002008506616257089,52.882354736328125,79.0,16,True
no_microbes_day_01_standardized.jpg,No Microbes,1,1,4,R01_C04,360,0,480,120,374,14,466,106,66,8464,0.0077977315689981095,54.98484802246094,86.0,33,True
no_microbes_day_01_standardized.jpg,No Microbes,1,1,5,R01_C05,480,0,600,120,494,14,586,106,2,8464,0.00023629489603024575,19.0,19.0,2,False
no_microbes_day_01_standardized.jpg,No Microbes,1,1,6,R01_C06,600,0,720,120,614,14,706,106,100,8464,0.011814744801512287,72.95999908447266,92.0,65,True
no_microbes_day_01_standardized.jpg,No Microbes,1,1,7,R01_C07,720,0,840,120,734,14,826,106,93,8464,0.010987712665406428,85.18279266357422,109.0,55,True
no_microbes_day_01_standardized.jpg,No Microbes,1,1,8,R01_C08,840,0,960,120,854,14,946,106,137,8464,0.016186200378071832,65.51094818115234,101.0,82,True
no_microbes_day_01_standardized.jpg,No Microbes,1,1,9,R01_C09,960,0,1080,120,974,14,1066,106,1,8464,0.00011814744801512288,102.0,102.0,1,False
no_microbes_day_01_standardized.jpg,No Microbes,1,1,10,R01_C10,1080,0,1200,120,1094,14,1186,106,28,8464,0.0033081285444234404,74.64286041259766,91.0,18,True
no_microbes_day_01_standardized.jpg,No Microbes,1,2,1,R02_C01,0,120,120,240,14,134,106,226,0,8464,0.0,0.0,0.0,0,False
no_microbes_day_01_standardized.jpg,No Microbes,1,2,2,R02_C02,120,120,240,240,134,134,226,226,0,8464,0.0,0.0,0.0,0,False
no_microbes_day_01_standardized.jpg,No Microbes,1,2,3,R02_C03,240,120,360,240,254,134,346,226,17,8464,0.002008506616257089,47.82352828979492,62.0,17,True
no_microbes_day_01_standardized.jpg,No Microbes,1,2,4,R02_C04,360,120,480,240,374,134,466,226,112,8464,0.013232514177693762,29.01785659790039,43.0,63,True
no_microbes_day_01_standardized.jpg,No Microbes,1,2,5,R02_C05,480,120,600,240,494,134,586,226,78,8464,0.009215500945179584,80.5897445678711,106.0,61,True
no_microbes_day_01_standardized.jpg,No Microbes,1,2,6,R02_C06,600,120,720,240,614,134,706,226,91,8464,0.010751417769376182,75.05494689941406,102.0,46,True
no_microbes_day_01_standardized.jpg,No Microbes,1,2,7,R02_C07,720,120,840,240,734,134,826,226,130,8464,0.015359168241965973,67.88461303710938,110.0,93,True
no_microbes_day_01_standardized.jpg,No Microbes,1,2,8,R02_C08,840,120,960,240,854,134,946,226,0,8464,0.0,0.0,0.0,0,False
no_microbes_day_01_standardized.jpg,No Microbes,1,2,9,R02_C09,960,120,1080,240,974,134,1066,226,75,8464,0.008861058601134215,88.27999877929688,112.0,52,True
no_microbes_day_01_standardized.jpg,No Microbes,1,2,10,R02_C10,1080,120,1200,240,1094,134,1186,226,73,8464,0.00862476370510397,84.71232604980469,101.0,51,True
no_microbes_day_01_standardized.jpg,No Microbes,1,3,1,R03_C01,0,240,120,360,14,254,106,346,0,8464,0.0,0.0,0.0,0,False
no_microbes_day_01_standardized.jpg,No Microbes,1,3,2,R03_C02,120,240,240,360,134,254,226,346,0,8464,0.0,0.0,0.0,0,False
no_microbes_day_01_standardized.jpg,No Microbes,1,3,3,R03_C03,240,240,360,360,254,254,346,346,41,8464,0.004844045368620038,23.19512176513672,29.0,32,True
no_microbes_day_01_standardized.jpg,No Microbes,1,3,4,R03_C04,360,240,480,360,374,254,466,346,49,8464,0.0057892249527410206,82.12245178222656,109.0,28,True
no_microbes_day_01_standardized.jpg,No Microbes,1,3,5,R03_C05,480,240,600,360,494,254,586,346,168,8464,0.01984877126654064,75.58333587646484,101.0,85,True
no_microbes_day_01_standardized.jpg,No Microbes,1,3,6,R03_C06,600,240,720,360,614,254,706,346,0,8464,0.0,0.0,0.0,0,False
no_microbes_day_01_standardized.jpg,No Microbes,1,3,7,R03_C07,720,240,840,360,734,254,826,346,39,8464,0.004607750472589792,29.64102554321289,37.0,39,True
no_microbes_day_01_standardized.jpg,No Microbes,1,3,8,R03_C08,840,240,960,360,854,254,946,346,0,8464,0.0,0.0,0.0,0,False
no_microbes_day_01_standardized.jpg,No Microbes,1,3,9,R03_C09,960,240,1080,360,974,254,1066,346,2,8464,0.00023629489603024575,70.0,98.0,1,False
no_microbes_day_01_standardized.jpg,No Microbes,1,3,10,R03_C10,1080,240,1200,360,1094,254,1186,346,6,8464,0.0007088846880907373,77.0,85.0,6,False
no_microbes_day_01_standardized.jpg,No Microbes,1,4,1,R04_C01,0,360,120,480,14,374,106,466,0,8464,0.0,0.0,0.0,0,False
no_microbes_day_01_standardized.jpg,No Microbes,1,4,2,R04_C02,120,360,240,480,134,374,226,466,0,8464,0.0,0.0,0.0,0,False
no_microbes_day_01_standardized.jpg,No Microbes,1,4,3,R04_C03,240,360,360,480,254,374,346,466,49,8464,0.0057892249527410206,47.93877410888672,85.0,32,True
no_microbes_day_01_standardized.jpg,No Microbes,1,4,4,R04_C04,360,360,480,480,374,374,466,466,0,8464,0.0,0.0,0.0,0,False
no_microbes_day_01_standardized.jpg,No Microbes,1,4,5,R04_C05,480,360,600,480,494,374,586,466,149,8464,0.01760396975425331,46.53691101074219,94.0,149,True
no_microbes_day_01_standardized.jpg,No Microbes,1,4,6,R04_C06,600,360,720,480,614,374,706,466,51,8464,0.006025519848771267,79.98039245605469,104.0,31,True
no_microbes_day_01_standardized.jpg,No Microbes,1,4,7,R04_C07,720,360,840,480,734,374,826,466,129,8464,0.01524102079395085,92.41085052490234,122.0,77,True
no_microbes_day_01_standardized.jpg,No Microbes,1,4,8,R04_C08,840,360,960,480,854,374,946,466,112,8464,0.013232514177693762,56.69643020629883,112.0,112,True
no_microbes_day_01_standardized.jpg,No Microbes,1,4,9,R04_C09,960,360,1080,480,974,374,1066,466,44,8464,0.005198487712665407,65.11363983154297,91.0,29,True
no_microbes_day_01_standardized.jpg,No Microbes,1,4,10,R04_C10,1080,360,1200,480,1094,374,1186,466,21,8464,0.00248109640831758,81.38095092773438,93.0,11,True
no_microbes_day_01_standardized.jpg,No Microbes,1,5,1,R05_C01,0,480,120,600,14,494,106,586,0,8464,0.0,0.0,0.0,0,False
no_microbes_day_01_standardized.jpg,No Microbes,1,5,2,R05_C02,120,480,240,600,134,494,226,586,0,8464,0.0,0.0,0.0,0,False
no_microbes_day_01_standardized.jpg,No Microbes,1,5,3,R05_C03,240,480,360,600,254,494,346,586,102,8464,0.012051039697542534,59.117645263671875,79.0,53,True
no_microbes_day_01_standardized.jpg,No Microbes,1,5,4,R05_C04,360,480,480,600,374,494,466,586,0,8464,0.0,0.0,0.0,0,False
no_microbes_day_01_standardized.jpg,No Microbes,1,5,5,R05_C05,480,480,600,600,494,494,586,586,0,8464,0.0,0.0,0.0,0,False
no_microbes_day_01_standardized.jpg,No Microbes,1,5,6,R05_C06,600,480,720,600,614,494,706,586,236,8464,0.027882797731568997,65.26695251464844,90.0,75,True
no_microbes_day_01_standardized.jpg,No Microbes,1,5,7,R05_C07,720,480,840,600,734,494,826,586,98,8464,0.011578449905482041,68.32653045654297,107.0,98,True
no_microbes_day_01_standardized.jpg,No Microbes,1,5,8,R05_C08,840,480,960,600,854,494,946,586,0,8464,0.0,0.0,0.0,0,False
no_microbes_day_01_standardized.jpg,No Microbes,1,5,9,R05_C09,960,480,1080,600,974,494,1066,586,25,8464,0.002953686200378072,64.44000244140625,76.0,22,True
no_microbes_day_01_standardized.jpg,No Microbes,1,5,10,R05_C10,1080,480,1200,600,1094,494,1186,586,38,8464,0.0044896030245746696,63.44736862182617,88.0,30,True
no_microbes_day_01_standardized.jpg,No Microbes,1,6,1,R06_C01,0,600,120,720,14,614,106,706,0,8464,0.0,0.0,0.0,0,False
no_microbes_day_01_standardized.jpg,No Microbes,1,6,2,R06_C02,120,600,240,720,134,614,226,706,0,8464,0.0,0.0,0.0,0,False
no_microbes_day_01_standardized.jpg,No Microbes,1,6,3,R06_C03,240,600,360,720,254,614,346,706,0,8464,0.0,0.0,0.0,0,False
no_microbes_day_01_standardized.jpg,No Microbes,1,6,4,R06_C04,360,600,480,720,374,614,466,706,0,8464,0.0,0.0,0.0,0,False
no_microbes_day_01_standardized.jpg,No Microbes,1,6,5,R06_C05,480,600,600,720,494,614,586,706,0,8464,0.0,0.0,0.0,0,False
no_microbes_day_01_standardized.jpg,No Microbes,1,6,6,R06_C06,600,600,720,720,614,614,706,706,0,8464,0.0,0.0,0.0,0,False
no_microbes_day_01_standardized.jpg,No Microbes,1,6,7,R06_C07,720,600,840,720,734,614,826,706,118,8464,0.013941398865784499,67.39830780029297,113.0,62,True
no_microbes_day_01_standardized.jpg,No Microbes,1,6,8,R06_C08,840,600,960,720,854,614,946,706,0,8464,0.0,0.0,0.0,0,False
no_microbes_day_01_standardized.jpg,No Microbes,1,6,9,R06_C09,960,600,1080,720,974,614,1066,706,29,8464,0.0034262759924385635,38.24137878417969,55.0,20,True
no_microbes_day_01_standardized.jpg,No Microbes,1,6,10,R06_C10,1080,600,1200,720,1094,614,1186,706,0,8464,0.0,0.0,0.0,0,False
no_microbes_day_01_standardized.jpg,No Microbes,1,7,1,R07_C01,0,720,120,840,14,734,106,826,0,8464,0.0,0.0,0.0,0,False
no_microbes_day_01_standardized.jpg,No Microbes,1,7,2,R07_C02,120,720,240,840,134,734,226,826,0,8464,0.0,0.0,0.0,0,False
no_microbes_day_01_standardized.jpg,No Microbes,1,7,3,R07_C03,240,720,360,840,254,734,346,826,52,8464,0.006143667296786389,46.96154022216797,79.0,36,True
no_microbes_day_01_standardized.jpg,No Microbes,1,7,4,R07_C04,360,720,480,840,374,734,466,826,0,8464,0.0,0.0,0.0,0,False
no_microbes_day_01_standardized.jpg,No Microbes,1,7,5,R07_C05,480,720,600,840,494,734,586,826,88,8464,0.010396975425330813,52.397727966308594,77.0,55,True
no_microbes_day_01_standardized.jpg,No Microbes,1,7,6,R07_C06,600,720,720,840,614,734,706,826,104,8464,0.012287334593572778,51.730770111083984,74.0,104,True
no_microbes_day_01_standardized.jpg,No Microbes,1,7,7,R07_C07,720,720,840,840,734,734,826,826,54,8464,0.006379962192816635,57.925926208496094,85.0,18,True
no_microbes_day_01_standardized.jpg,No Microbes,1,7,8,R07_C08,840,720,960,840,854,734,946,826,0,8464,0.0,0.0,0.0,0,False
no_microbes_day_01_standardized.jpg,No Microbes,1,7,9,R07_C09,960,720,1080,840,974,734,1066,826,128,8464,0.015122873345935728,80.703125,109.0,89,True
no_microbes_day_01_standardized.jpg,No Microbes,1,7,10,R07_C10,1080,720,1200,840,1094,734,1186,826,13,8464,0.0015359168241965973,74.23076629638672,87.0,12,False
no_microbes_day_03_standardized.jpg,No Microbes,3,1,1,R01_C01,0,0,120,120,14,14,106,106,0,8464,0.0,0.0,0.0,0,False
no_microbes_day_03_standardized.jpg,No Microbes,3,1,2,R01_C02,120,0,240,120,134,14,226,106,99,8464,0.011696597353497165,62.949493408203125,90.0,51,True
no_microbes_day_03_standardized.jpg,No Microbes,3,1,3,R01_C03,240,0,360,120,254,14,346,106,101,8464,0.01193289224952741,66.82178497314453,89.0,66,True
no_microbes_day_03_standardized.jpg,No Microbes,3,1,4,R01_C04,360,0,480,120,374,14,466,106,128,8464,0.015122873345935728,65.125,109.0,127,True
no_microbes_day_03_standardized.jpg,No Microbes,3,1,5,R01_C05,480,0,600,120,494,14,586,106,73,8464,0.00862476370510397,42.9315071105957,62.0,62,True
no_microbes_day_03_standardized.jpg,No Microbes,3,1,6,R01_C06,600,0,720,120,614,14,706,106,209,8464,0.02469281663516068,87.47846984863281,123.0,118,True
no_microbes_day_03_standardized.jpg,No Microbes,3,1,7,R01_C07,720,0,840,120,734,14,826,106,193,8464,0.022802457466918714,99.66839599609375,133.0,116,True
no_microbes_day_03_standardized.jpg,No Microbes,3,1,8,R01_C08,840,0,960,120,854,14,946,106,272,8464,0.03213610586011342,60.86397171020508,127.0,225,True
no_microbes_day_03_standardized.jpg,No Microbes,3,1,9,R01_C09,960,0,1080,120,974,14,1066,106,8,8464,0.000945179584120983,100.5,110.0,5,False
no_microbes_day_03_standardized.jpg,No Microbes,3,1,10,R01_C10,1080,0,1200,120,1094,14,1186,106,146,8464,0.01724952741020794,57.863014221191406,123.0,144,True
no_microbes_day_03_standardized.jpg,No Microbes,3,2,1,R02_C01,0,120,120,240,14,134,106,226,0,8464,0.0,0.0,0.0,0,False
no_microbes_day_03_standardized.jpg,No Microbes,3,2,2,R02_C02,120,120,240,240,134,134,226,226,75,8464,0.008861058601134215,70.98666381835938,106.0,54,True
no_microbes_day_03_standardized.jpg,No Microbes,3,2,3,R02_C03,240,120,360,240,254,134,346,226,109,8464,0.012878071833648393,53.40367126464844,97.0,68,True
no_microbes_day_03_standardized.jpg,No Microbes,3,2,4,R02_C04,360,120,480,240,374,134,466,226,286,8464,0.033790170132325145,41.05594253540039,62.0,286,True
no_microbes_day_03_standardized.jpg,No Microbes,3,2,5,R02_C05,480,120,600,240,494,134,586,226,172,8464,0.020321361058601134,89.74418640136719,126.0,89,True
no_microbes_day_03_standardized.jpg,No Microbes,3,2,6,R02_C06,600,120,720,240,614,134,706,226,176,8464,0.020793950850661626,75.82954406738281,120.0,94,True
no_microbes_day_03_standardized.jpg,No Microbes,3,2,7,R02_C07,720,120,840,240,734,134,826,226,300,8464,0.03544423440453686,83.15666961669922,129.0,196,True
no_microbes_day_03_standardized.jpg,No Microbes,3,2,8,R02_C08,840,120,960,240,854,134,946,226,0,8464,0.0,0.0,0.0,0,False
no_microbes_day_03_standardized.jpg,No Microbes,3,2,9,R02_C09,960,120,1080,240,974,134,1066,226,183,8464,0.021620982986767484,86.66120147705078,127.0,137,True
no_microbes_day_03_standardized.jpg,No Microbes,3,2,10,R02_C10,1080,120,1200,240,1094,134,1186,226,130,8464,0.015359168241965973,89.61538696289062,111.0,130,True
no_microbes_day_03_standardized.jpg,No Microbes,3,3,1,R03_C01,0,240,120,360,14,254,106,346,0,8464,0.0,0.0,0.0,0,False
no_microbes_day_03_standardized.jpg,No Microbes,3,3,2,R03_C02,120,240,240,360,134,254,226,346,0,8464,0.0,0.0,0.0,0,False
no_microbes_day_03_standardized.jpg,No Microbes,3,3,3,R03_C03,240,240,360,360,254,254,346,346,147,8464,0.01736767485822306,32.9727897644043,52.0,89,True
no_microbes_day_03_standardized.jpg,No Microbes,3,3,4,R03_C04,360,240,480,360,374,254,466,346,151,8464,0.017840264650283554,95.7682113647461,125.0,94,True
no_microbes_day_03_standardized.jpg,No Microbes,3,3,5,R03_C05,480,240,600,360,494,254,586,346,368,8464,0.043478260869565216,81.17391204833984,119.0,187,True
no_microbes_day_03_standardized.jpg,No Microbes,3,3,6,R03_C06,600,240,720,360,614,254,706,346,11,8464,0.0012996219281663517,95.45454406738281,118.0,7,False
no_microbes_day_03_standardized.jpg,No Microbes,3,3,7,R03_C07,720,240,840,360,734,254,826,346,98,8464,0.011578449905482041,40.57143020629883,67.0,98,True
no_microbes_day_03_standardized.jpg,No Microbes,3,3,8,R03_C08,840,240,960,360,854,254,946,346,155,8464,0.018312854442344047,75.05806732177734,102.0,83,True
no_microbes_day_03_standardized.jpg,No Microbes,3,3,9,R03_C09,960,240,1080,360,974,254,1066,346,117,8464,0.013823251417769376,67.37606811523438,135.0,69,True
no_microbes_day_03_standardized.jpg,No Microbes,3,3,10,R03_C10,1080,240,1200,360,1094,254,1186,346,8,8464,0.000945179584120983,79.25,88.0,8,False
no_microbes_day_03_standardized.jpg,No Microbes,3,4,1,R04_C01,0,360,120,480,14,374,106,466,0,8464,0.0,0.0,0.0,0,False
no_microbes_day_03_standardized.jpg,No Microbes,3,4,2,R04_C02,120,360,240,480,134,374,226,466,8,8464,0.000945179584120983,60.75,73.0,4,False
no_microbes_day_03_standardized.jpg,No Microbes,3,4,3,R04_C03,240,360,360,480,254,374,346,466,109,8464,0.012878071833648393,63.00917434692383,85.0,50,True
no_microbes_day_03_standardized.jpg,No Microbes,3,4,4,R04_C04,360,360,480,480,374,374,466,466,0,8464,0.0,0.0,0.0,0,False
no_microbes_day_03_standardized.jpg,No Microbes,3,4,5,R04_C05,480,360,600,480,494,374,586,466,332,8464,0.039224952741020794,57.780120849609375,99.0,180,True
no_microbes_day_03_standardized.jpg,No Microbes,3,4,6,R04_C06,600,360,720,480,614,374,706,466,56,8464,0.006616257088846881,91.94642639160156,111.0,30,True
no_microbes_day_03_standardized.jpg,No Microbes,3,4,7,R04_C07,720,360,840,480,734,374,826,466,217,8464,0.025637996219281662,104.15668487548828,134.0,125,True
no_microbes_day_03_standardized.jpg,No Microbes,3,4,8,R04_C08,840,360,960,480,854,374,946,466,248,8464,0.02930056710775047,69.31451416015625,100.0,120,True
no_microbes_day_03_standardized.jpg,No Microbes,3,4,9,R04_C09,960,360,1080,480,974,374,1066,466,104,8464,0.012287334593572778,71.03845977783203,107.0,64,True
no_microbes_day_03_standardized.jpg,No Microbes,3,4,10,R04_C10,1080,360,1200,480,1094,374,1186,466,70,8464,0.0082703213610586,87.31428527832031,111.0,41,True
no_microbes_day_03_standardized.jpg,No Microbes,3,5,1,R05_C01,0,480,120,600,14,494,106,586,0,8464,0.0,0.0,0.0,0,False
no_microbes_day_03_standardized.jpg,No Microbes,3,5,2,R05_C02,120,480,240,600,134,494,226,586,0,8464,0.0,0.0,0.0,0,False
no_microbes_day_03_standardized.jpg,No Microbes,3,5,3,R05_C03,240,480,360,600,254,494,346,586,200,8464,0.023629489603024575,71.0199966430664,102.0,102,True
no_microbes_day_03_standardized.jpg,No Microbes,3,5,4,R05_C04,360,480,480,600,374,494,466,586,0,8464,0.0,0.0,0.0,0,False
no_microbes_day_03_standardized.jpg,No Microbes,3,5,5,R05_C05,480,480,600,600,494,494,586,586,135,8464,0.015949905482041588,86.64444732666016,122.0,72,True
no_microbes_day_03_standardized.jpg,No Microbes,3,5,6,R05_C06,600,480,720,600,614,494,706,586,227,8464,0.02681947069943289,86.58149719238281,113.0,114,True
no_microbes_day_03_standardized.jpg,No Microbes,3,5,7,R05_C07,720,480,840,600,734,494,826,586,115,8464,0.01358695652173913,82.64347839355469,113.0,78,True
no_microbes_day_03_standardized.jpg,No Microbes,3,5,8,R05_C08,840,480,960,600,854,494,946,586,1,8464,0.00011814744801512288,80.0,80.0,1,False
no_microbes_day_03_standardized.jpg,No Microbes,3,5,9,R05_C09,960,480,1080,600,974,494,1066,586,244,8464,0.028827977315689982,79.22541046142578,127.0,244,True
no_microbes_day_03_standardized.jpg,No Microbes,3,5,10,R05_C10,1080,480,1200,600,1094,494,1186,586,81,8464,0.009569943289224952,59.64197540283203,107.0,62,True
no_microbes_day_03_standardized.jpg,No Microbes,3,6,1,R06_C01,0,600,120,720,14,614,106,706,160,8464,0.01890359168241966,64.7125015258789,102.0,96,True
no_microbes_day_03_standardized.jpg,No Microbes,3,6,2,R06_C02,120,600,240,720,134,614,226,706,9,8464,0.0010633270321361058,63.77777862548828,100.0,9,False
no_microbes_day_03_standardized.jpg,No Microbes,3,6,3,R06_C03,240,600,360,720,254,614,346,706,0,8464,0.0,0.0,0.0,0,False
no_microbes_day_03_standardized.jpg,No Microbes,3,6,4,R06_C04,360,600,480,720,374,614,466,706,0,8464,0.0,0.0,0.0,0,False
no_microbes_day_03_standardized.jpg,No Microbes,3,6,5,R06_C05,480,600,600,720,494,614,586,706,33,8464,0.0038988657844990547,75.2727279663086,94.0,16,True
no_microbes_day_03_standardized.jpg,No Microbes,3,6,6,R06_C06,600,600,720,720,614,614,706,706,50,8464,0.005907372400756144,80.68000030517578,111.0,29,True
no_microbes_day_03_standardized.jpg,No Microbes,3,6,7,R06_C07,720,600,840,720,734,614,826,706,248,8464,0.02930056710775047,82.63306427001953,105.0,142,True
no_microbes_day_03_standardized.jpg,No Microbes,3,6,8,R06_C08,840,600,960,720,854,614,946,706,50,8464,0.005907372400756144,81.45999908447266,96.0,33,True
no_microbes_day_03_standardized.jpg,No Microbes,3,6,9,R06_C09,960,600,1080,720,974,614,1066,706,115,8464,0.01358695652173913,55.20000076293945,80.0,61,True
no_microbes_day_03_standardized.jpg,No Microbes,3,6,10,R06_C10,1080,600,1200,720,1094,614,1186,706,36,8464,0.004253308128544423,80.25,117.0,16,True
no_microbes_day_03_standardized.jpg,No Microbes,3,7,1,R07_C01,0,720,120,840,14,734,106,826,0,8464,0.0,0.0,0.0,0,False
no_microbes_day_03_standardized.jpg,No Microbes,3,7,2,R07_C02,120,720,240,840,134,734,226,826,0,8464,0.0,0.0,0.0,0,False
no_microbes_day_03_standardized.jpg,No Microbes,3,7,3,R07_C03,240,720,360,840,254,734,346,826,119,8464,0.014059546313799623,46.764705657958984,80.0,93,True
no_microbes_day_03_standardized.jpg,No Microbes,3,7,4,R07_C04,360,720,480,840,374,734,466,826,0,8464,0.0,0.0,0.0,0,False
no_microbes_day_03_standardized.jpg,No Microbes,3,7,5,R07_C05,480,720,600,840,494,734,586,826,111,8464,0.01311436672967864,73.49549865722656,91.0,51,True
no_microbes_day_03_standardized.jpg,No Microbes,3,7,6,R07_C06,600,720,720,840,614,734,706,826,107,8464,0.012641776937618147,72.50466918945312,94.0,107,True
no_microbes_day_03_standardized.jpg,No Microbes,3,7,7,R07_C07,720,720,840,840,734,734,826,826,158,8464,0.018667296786389415,68.76582336425781,96.0,69,True
no_microbes_day_03_standardized.jpg,No Microbes,3,7,8,R07_C08,840,720,960,840,854,734,946,826,1,8464,0.00011814744801512288,40.0,40.0,1,False
no_microbes_day_03_standardized.jpg,No Microbes,3,7,9,R07_C09,960,720,1080,840,974,734,1066,826,20,8464,0.0023629489603024575,83.5,100.0,8,True
no_microbes_day_03_standardized.jpg,No Microbes,3,7,10,R07_C10,1080,720,1200,840,1094,734,1186,826,30,8464,0.003544423440453686,64.03333282470703,91.0,27,True
no_microbes_day_04_standardized.jpg,No Microbes,4,1,1,R01_C01,0,0,120,120,14,14,106,106,0,8464,0.0,0.0,0.0,0,False
no_microbes_day_04_standardized.jpg,No Microbes,4,1,2,R01_C02,120,0,240,120,134,14,226,106,158,8464,0.018667296786389415,76.20252990722656,96.0,151,True
no_microbes_day_04_standardized.jpg,No Microbes,4,1,3,R01_C03,240,0,360,120,254,14,346,106,105,8464,0.012405482041587902,78.39047241210938,106.0,54,True
no_microbes_day_04_standardized.jpg,No Microbes,4,1,4,R01_C04,360,0,480,120,374,14,466,106,154,8464,0.018194706994328923,82.4935073852539,117.0,105,True
no_microbes_day_04_standardized.jpg,No Microbes,4,1,5,R01_C05,480,0,600,120,494,14,586,106,44,8464,0.005198487712665407,84.15908813476562,102.0,24,True
no_microbes_day_04_standardized.jpg,No Microbes,4,1,6,R01_C06,600,0,720,120,614,14,706,106,294,8464,0.03473534971644612,74.00340270996094,105.0,177,True
no_microbes_day_04_standardized.jpg,No Microbes,4,1,7,R01_C07,720,0,840,120,734,14,826,106,493,8464,0.05824669187145558,79.5618667602539,124.0,268,True
no_microbes_day_04_standardized.jpg,No Microbes,4,1,8,R01_C08,840,0,960,120,854,14,946,106,553,8464,0.06533553875236295,78.17902374267578,115.0,201,True
no_microbes_day_04_standardized.jpg,No Microbes,4,1,9,R01_C09,960,0,1080,120,974,14,1066,106,616,8464,0.07277882797731569,55.842533111572266,93.0,616,True
no_microbes_day_04_standardized.jpg,No Microbes,4,1,10,R01_C10,1080,0,1200,120,1094,14,1186,106,598,8464,0.07065217391304347,62.24748992919922,98.0,261,True
no_microbes_day_04_standardized.jpg,No Microbes,4,2,1,R02_C01,0,120,120,240,14,134,106,226,0,8464,0.0,0.0,0.0,0,False
no_microbes_day_04_standardized.jpg,No Microbes,4,2,2,R02_C02,120,120,240,240,134,134,226,226,91,8464,0.010751417769376182,73.61538696289062,110.0,54,True
no_microbes_day_04_standardized.jpg,No Microbes,4,2,3,R02_C03,240,120,360,240,254,134,346,226,141,8464,0.016658790170132325,83.97872161865234,108.0,84,True
no_microbes_day_04_standardized.jpg,No Microbes,4,2,4,R02_C04,360,120,480,240,374,134,466,226,248,8464,0.02930056710775047,79.56048583984375,99.0,138,True
no_microbes_day_04_standardized.jpg,No Microbes,4,2,5,R02_C05,480,120,600,240,494,134,586,226,243,8464,0.028709829867674858,85.28395080566406,123.0,176,True
no_microbes_day_04_standardized.jpg,No Microbes,4,2,6,R02_C06,600,120,720,240,614,134,706,226,256,8464,0.030245746691871456,61.0078125,109.0,143,True
no_microbes_day_04_standardized.jpg,No Microbes,4,2,7,R02_C07,720,120,840,240,734,134,826,226,403,8464,0.047613421550094515,79.99007415771484,131.0,214,True
no_microbes_day_04_standardized.jpg,No Microbes,4,2,8,R02_C08,840,120,960,240,854,134,946,226,16,8464,0.001890359168241966,68.125,81.0,9,True
no_microbes_day_04_standardized.jpg,No Microbes,4,2,9,R02_C09,960,120,1080,240,974,134,1066,226,496,8464,0.05860113421550094,73.73185729980469,107.0,201,True
no_microbes_day_04_standardized.jpg,No Microbes,4,2,10,R02_C10,1080,120,1200,240,1094,134,1186,226,476,8464,0.05623818525519849,54.697479248046875,84.0,248,True
no_microbes_day_04_standardized.jpg,No Microbes,4,3,1,R03_C01,0,240,120,360,14,254,106,346,0,8464,0.0,0.0,0.0,0,False
no_microbes_day_04_standardized.jpg,No Microbes,4,3,2,R03_C02,120,240,240,360,134,254,226,346,4,8464,0.0004725897920604915,85.5,91.0,3,False
no_microbes_day_04_standardized.jpg,No Microbes,4,3,3,R03_C03,240,240,360,360,254,254,346,346,101,8464,0.01193289224952741,79.42574310302734,114.0,65,True
no_microbes_day_04_standardized.jpg,No Microbes,4,3,4,R03_C04,360,240,480,360,374,254,466,346,202,8464,0.02386578449905482,78.90593719482422,113.0,111,True
no_microbes_day_04_standardized.jpg,No Microbes,4,3,5,R03_C05,480,240,600,360,494,254,586,346,336,8464,0.03969754253308128,97.30059814453125,127.0,141,True
no_microbes_day_04_standardized.jpg,No Microbes,4,3,6,R03_C06,600,240,720,360,614,254,706,346,73,8464,0.00862476370510397,79.52054595947266,106.0,40,True
no_microbes_day_04_standardized.jpg,No Microbes,4,3,7,R03_C07,720,240,840,360,734,254,826,346,90,8464,0.010633270321361058,83.4000015258789,126.0,55,True
no_microbes_day_04_standardized.jpg,No Microbes,4,3,8,R03_C08,840,240,960,360,854,254,946,346,155,8464,0.018312854442344047,75.56774139404297,101.0,79,True
no_microbes_day_04_standardized.jpg,No Microbes,4,3,9,R03_C09,960,240,1080,360,974,254,1066,346,221,8464,0.026110586011342155,62.42986297607422,99.0,134,True
no_microbes_day_04_standardized.jpg,No Microbes,4,3,10,R03_C10,1080,240,1200,360,1094,254,1186,346,150,8464,0.01772211720226843,48.29999923706055,82.0,97,True
no_microbes_day_04_standardized.jpg,No Microbes,4,4,1,R04_C01,0,360,120,480,14,374,106,466,0,8464,0.0,0.0,0.0,0,False
no_microbes_day_04_standardized.jpg,No Microbes,4,4,2,R04_C02,120,360,240,480,134,374,226,466,56,8464,0.006616257088846881,62.46428680419922,80.0,36,True
no_microbes_day_04_standardized.jpg,No Microbes,4,4,3,R04_C03,240,360,360,480,254,374,346,466,144,8464,0.017013232514177693,74.95138549804688,97.0,81,True
no_microbes_day_04_standardized.jpg,No Microbes,4,4,4,R04_C04,360,360,480,480,374,374,466,466,38,8464,0.0044896030245746696,83.78947448730469,114.0,38,True
no_microbes_day_04_standardized.jpg,No Microbes,4,4,5,R04_C05,480,360,600,480,494,374,586,466,298,8464,0.03520793950850662,87.10066986083984,120.0,145,True
no_microbes_day_04_standardized.jpg,No Microbes,4,4,6,R04_C06,600,360,720,480,614,374,706,466,123,8464,0.014532136105860113,64.25202941894531,95.0,72,True
no_microbes_day_04_standardized.jpg,No Microbes,4,4,7,R04_C07,720,360,840,480,734,374,826,466,348,8464,0.04111531190926276,76.40804290771484,117.0,180,True
no_microbes_day_04_standardized.jpg,No Microbes,4,4,8,R04_C08,840,360,960,480,854,374,946,466,357,8464,0.042178638941398866,77.0112075805664,107.0,224,True
no_microbes_day_04_standardized.jpg,No Microbes,4,4,9,R04_C09,960,360,1080,480,974,374,1066,466,192,8464,0.022684310018903593,70.64583587646484,106.0,121,True
no_microbes_day_04_standardized.jpg,No Microbes,4,4,10,R04_C10,1080,360,1200,480,1094,374,1186,466,232,8464,0.027410207939508508,76.11206817626953,104.0,109,True
no_microbes_day_04_standardized.jpg,No Microbes,4,5,1,R05_C01,0,480,120,600,14,494,106,586,0,8464,0.0,0.0,0.0,0,False
no_microbes_day_04_standardized.jpg,No Microbes,4,5,2,R05_C02,120,480,240,600,134,494,226,586,0,8464,0.0,0.0,0.0,0,False
no_microbes_day_04_standardized.jpg,No Microbes,4,5,3,R05_C03,240,480,360,600,254,494,346,586,188,8464,0.0222117202268431,86.0478744506836,117.0,89,True
no_microbes_day_04_standardized.jpg,No Microbes,4,5,4,R05_C04,360,480,480,600,374,494,466,586,0,8464,0.0,0.0,0.0,0,False
no_microbes_day_04_standardized.jpg,No Microbes,4,5,5,R05_C05,480,480,600,600,494,494,586,586,200,8464,0.023629489603024575,87.87999725341797,115.0,102,True
no_microbes_day_04_standardized.jpg,No Microbes,4,5,6,R05_C06,600,480,720,600,614,494,706,586,330,8464,0.038988657844990546,82.06060791015625,113.0,147,True
no_microbes_day_04_standardized.jpg,No Microbes,4,5,7,R05_C07,720,480,840,600,734,494,826,586,242,8464,0.028591682419659734,75.12397003173828,106.0,121,True
no_microbes_day_04_standardized.jpg,No Microbes,4,5,8,R05_C08,840,480,960,600,854,494,946,586,11,8464,0.0012996219281663517,80.90908813476562,105.0,6,False
no_microbes_day_04_standardized.jpg,No Microbes,4,5,9,R05_C09,960,480,1080,600,974,494,1066,586,320,8464,0.03780718336483932,79.48124694824219,102.0,284,True
no_microbes_day_04_standardized.jpg,No Microbes,4,5,10,R05_C10,1080,480,1200,600,1094,494,1186,586,223,8464,0.0263468809073724,67.92376708984375,88.0,222,True
no_microbes_day_04_standardized.jpg,No Microbes,4,6,1,R06_C01,0,600,120,720,14,614,106,706,150,8464,0.01772211720226843,88.27999877929688,110.0,92,True
no_microbes_day_04_standardized.jpg,No Microbes,4,6,2,R06_C02,120,600,240,720,134,614,226,706,6,8464,0.0007088846880907373,64.16666412353516,68.0,4,False
no_microbes_day_04_standardized.jpg,No Microbes,4,6,3,R06_C03,240,600,360,720,254,614,346,706,0,8464,0.0,0.0,0.0,0,False
no_microbes_day_04_standardized.jpg,No Microbes,4,6,4,R06_C04,360,600,480,720,374,614,466,706,0,8464,0.0,0.0,0.0,0,False
no_microbes_day_04_standardized.jpg,No Microbes,4,6,5,R06_C05,480,600,600,720,494,614,586,706,85,8464,0.010042533081285445,78.72940826416016,98.0,59,True
no_microbes_day_04_standardized.jpg,No Microbes,4,6,6,R06_C06,600,600,720,720,614,614,706,706,128,8464,0.015122873345935728,75.7578125,95.0,85,True
no_microbes_day_04_standardized.jpg,No Microbes,4,6,7,R06_C07,720,600,840,720,734,614,826,706,316,8464,0.03733459357277883,83.49050903320312,113.0,163,True
no_microbes_day_04_standardized.jpg,No Microbes,4,6,8,R06_C08,840,600,960,720,854,614,946,706,154,8464,0.018194706994328923,73.48052215576172,89.0,90,True
no_microbes_day_04_standardized.jpg,No Microbes,4,6,9,R06_C09,960,600,1080,720,974,614,1066,706,126,8464,0.014886578449905482,77.37301635742188,110.0,76,True
no_microbes_day_04_standardized.jpg,No Microbes,4,6,10,R06_C10,1080,600,1200,720,1094,614,1186,706,215,8464,0.025401701323251417,62.08837127685547,87.0,215,True
no_microbes_day_04_standardized.jpg,No Microbes,4,7,1,R07_C01,0,720,120,840,14,734,106,826,0,8464,0.0,0.0,0.0,0,False
no_microbes_day_04_standardized.jpg,No Microbes,4,7,2,R07_C02,120,720,240,840,134,734,226,826,0,8464,0.0,0.0,0.0,0,False
no_microbes_day_04_standardized.jpg,No Microbes,4,7,3,R07_C03,240,720,360,840,254,734,346,826,168,8464,0.01984877126654064,71.70237731933594,93.0,119,True
no_microbes_day_04_standardized.jpg,No Microbes,4,7,4,R07_C04,360,720,480,840,374,734,466,826,0,8464,0.0,0.0,0.0,0,False
no_microbes_day_04_standardized.jpg,No Microbes,4,7,5,R07_C05,480,720,600,840,494,734,586,826,195,8464,0.02303875236294896,83.52307891845703,114.0,130,True
no_microbes_day_04_standardized.jpg,No Microbes,4,7,6,R07_C06,600,720,720,840,614,734,706,826,152,8464,0.017958412098298678,76.23026275634766,110.0,85,True
no_microbes_day_04_standardized.jpg,No Microbes,4,7,7,R07_C07,720,720,840,840,734,734,826,826,227,8464,0.02681947069943289,78.51101684570312,101.0,118,True
no_microbes_day_04_standardized.jpg,No Microbes,4,7,8,R07_C08,840,720,960,840,854,734,946,826,1,8464,0.00011814744801512288,52.0,52.0,1,False
no_microbes_day_04_standardized.jpg,No Microbes,4,7,9,R07_C09,960,720,1080,840,974,734,1066,826,158,8464,0.018667296786389415,85.09494018554688,114.0,82,True
no_microbes_day_04_standardized.jpg,No Microbes,4,7,10,R07_C10,1080,720,1200,840,1094,734,1186,826,161,8464,0.019021739130434784,74.63353729248047,98.0,81,True
